code,identite,nature,domaine,sous_domaine,age_officiel,niveau_classement,document,pages_pdf,texte_officiel,libelle_propose,portee,premiere_version,evolution
LANG-O001,lang-o001,objectif officiel,Le développement et la structuration du langage oral et écrit,Enrichir son vocabulaire,À aborder avant 4 ans,PS,P26,8,"Comprendre, mémoriser, réemployer les mots des corpus enseignés (2 par période).","Comprendre, mémoriser, réemployer les mots des corpus enseignés (2 par période).",Objectif transcrit ; situations et exemples à lire dans le programme,2026.1,Création de l’identité ; aucune filiation présumée avec la trame ou le pilote
LANG-O002,lang-o002,objectif officiel,Le développement et la structuration du langage oral et écrit,Enrichir son vocabulaire,À aborder avant 4 ans,PS,P26,8,Organiser les mots en catégorie et en réseau.,Organiser les mots en catégorie et en réseau.,Objectif transcrit ; situations et exemples à lire dans le programme,2026.1,Création de l’identité ; aucune filiation présumée avec la trame ou le pilote
LANG-O003,lang-o003,objectif officiel,Le développement et la structuration du langage oral et écrit,Enrichir son vocabulaire,À partir de 4 ans ou dès que les apprentissages précédents ont pu être observés,MS,P26,9,"Comprendre, mémoriser, réemployer les mots des corpus enseignés (2 par période).","Comprendre, mémoriser, réemployer les mots des corpus enseignés (2 par période).",Objectif transcrit ; situations et exemples à lire dans le programme,2026.1,Création de l’identité ; aucune filiation présumée avec la trame ou le pilote
LANG-O004,lang-o004,objectif officiel,Le développement et la structuration du langage oral et écrit,Enrichir son vocabulaire,À partir de 4 ans ou dès que les apprentissages précédents ont pu être observés,MS,P26,9,Organiser les mots en catégorie et en réseau.,Organiser les mots en catégorie et en réseau.,Objectif transcrit ; situations et exemples à lire dans le programme,2026.1,Création de l’identité ; aucune filiation présumée avec la trame ou le pilote
LANG-O005,lang-o005,objectif officiel,Le développement et la structuration du langage oral et écrit,Enrichir son vocabulaire,À partir de 5 ans ou dès que les apprentissages précédents ont pu être observés,GS,P26,9,"Comprendre, mémoriser, réemployer les mots des corpus enseignés (3 par période).","Comprendre, mémoriser, réemployer les mots des corpus enseignés (3 par période).",Objectif transcrit ; situations et exemples à lire dans le programme,2026.1,Création de l’identité ; aucune filiation présumée avec la trame ou le pilote
LANG-O006,lang-o006,objectif officiel,Le développement et la structuration du langage oral et écrit,Enrichir son vocabulaire,À partir de 5 ans ou dès que les apprentissages précédents ont pu être observés,GS,P26,9,Organiser les mots en catégorie et en réseau.,Organiser les mots en catégorie et en réseau.,Objectif transcrit ; situations et exemples à lire dans le programme,2026.1,Création de l’identité ; aucune filiation présumée avec la trame ou le pilote
LANG-O007,lang-o007,objectif officiel,Le développement et la structuration du langage oral et écrit,Développer sa syntaxe,À aborder avant 4 ans,PS,P26,10,Diversifier les pronoms employés.,Diversifier les pronoms employés.,Objectif transcrit ; situations et exemples à lire dans le programme,2026.1,Création de l’identité ; aucune filiation présumée avec la trame ou le pilote
LANG-O008,lang-o008,objectif officiel,Le développement et la structuration du langage oral et écrit,Développer sa syntaxe,À aborder avant 4 ans,PS,P26,10,Construire à l’oral un système de temps de plus en plus efficace.,Construire à l’oral un système de temps de plus en plus efficace.,Objectif transcrit ; situations et exemples à lire dans le programme,2026.1,Création de l’identité ; aucune filiation présumée avec la trame ou le pilote
LANG-O009,lang-o009,objectif officiel,Le développement et la structuration du langage oral et écrit,Développer sa syntaxe,À aborder avant 4 ans,PS,P26,10,Formuler des énoncés de plus en plus complexes.,Formuler des énoncés de plus en plus complexes.,Objectif transcrit ; situations et exemples à lire dans le programme,2026.1,Création de l’identité ; aucune filiation présumée avec la trame ou le pilote
LANG-O010,lang-o010,objectif officiel,Le développement et la structuration du langage oral et écrit,Développer sa syntaxe,À partir de 4 ans ou dès que les apprentissages précédents ont pu être observés,MS,P26,10,Diversifier les pronoms employés.,Diversifier les pronoms employés.,Objectif transcrit ; situations et exemples à lire dans le programme,2026.1,Création de l’identité ; aucune filiation présumée avec la trame ou le pilote
LANG-O011,lang-o011,objectif officiel,Le développement et la structuration du langage oral et écrit,Développer sa syntaxe,À partir de 4 ans ou dès que les apprentissages précédents ont pu être observés,MS,P26,10,Construire à l’oral un système de temps de plus en plus efficace.,Construire à l’oral un système de temps de plus en plus efficace.,Objectif transcrit ; situations et exemples à lire dans le programme,2026.1,Création de l’identité ; aucune filiation présumée avec la trame ou le pilote
LANG-O012,lang-o012,objectif officiel,Le développement et la structuration du langage oral et écrit,Développer sa syntaxe,À partir de 4 ans ou dès que les apprentissages précédents ont pu être observés,MS,P26,10,Formuler des énoncés de plus en plus complexes.,Formuler des énoncés de plus en plus complexes.,Objectif transcrit ; situations et exemples à lire dans le programme,2026.1,Création de l’identité ; aucune filiation présumée avec la trame ou le pilote
LANG-O013,lang-o013,objectif officiel,Le développement et la structuration du langage oral et écrit,Développer sa syntaxe,À partir de 5 ans ou dès que les apprentissages précédents ont pu être observés,GS,P26,10,Diversifier les pronoms employés.,Diversifier les pronoms employés.,Objectif transcrit ; situations et exemples à lire dans le programme,2026.1,Création de l’identité ; aucune filiation présumée avec la trame ou le pilote
LANG-O014,lang-o014,objectif officiel,Le développement et la structuration du langage oral et écrit,Développer sa syntaxe,À partir de 5 ans ou dès que les apprentissages précédents ont pu être observés,GS,P26,10,Construire à l’oral un système de temps de plus en plus efficace.,Construire à l’oral un système de temps de plus en plus efficace.,Objectif transcrit ; situations et exemples à lire dans le programme,2026.1,Création de l’identité ; aucune filiation présumée avec la trame ou le pilote
LANG-O015,lang-o015,objectif officiel,Le développement et la structuration du langage oral et écrit,Développer sa syntaxe,À partir de 5 ans ou dès que les apprentissages précédents ont pu être observés,GS,P26,10,Formuler des énoncés de plus en plus complexes.,Formuler des énoncés de plus en plus complexes.,Objectif transcrit ; situations et exemples à lire dans le programme,2026.1,Création de l’identité ; aucune filiation présumée avec la trame ou le pilote
LANG-O016,lang-o016,objectif officiel,Le développement et la structuration du langage oral et écrit,Articuler distinctement,À aborder avant 4 ans,PS,P26,11,"Articuler distinctement les couples de consonnes proches suivants : t/k, f/s, m/n.","Articuler distinctement les couples de consonnes proches suivants : t/k, f/s, m/n.",Objectif transcrit ; situations et exemples à lire dans le programme,2026.1,Création de l’identité ; aucune filiation présumée avec la trame ou le pilote
LANG-O017,lang-o017,objectif officiel,Le développement et la structuration du langage oral et écrit,Articuler distinctement,À partir de 4 ans ou dès que les apprentissages précédents ont pu être observés,MS,P26,11,"Distinguer et produire correctement les nasales : é/in, a/an, o/on.","Distinguer et produire correctement les nasales : é/in, a/an, o/on.",Objectif transcrit ; situations et exemples à lire dans le programme,2026.1,Création de l’identité ; aucune filiation présumée avec la trame ou le pilote
LANG-O018,lang-o018,objectif officiel,Le développement et la structuration du langage oral et écrit,Articuler distinctement,À partir de 4 ans ou dès que les apprentissages précédents ont pu être observés,MS,P26,11,"Articuler distinctement les couples de consonnes proches suivants : f/v, s/z, p/b, t/d, k/g.","Articuler distinctement les couples de consonnes proches suivants : f/v, s/z, p/b, t/d, k/g.",Objectif transcrit ; situations et exemples à lire dans le programme,2026.1,Création de l’identité ; aucune filiation présumée avec la trame ou le pilote
LANG-O019,lang-o019,objectif officiel,Le développement et la structuration du langage oral et écrit,Articuler distinctement,À partir de 5 ans ou dès que les apprentissages précédents ont pu être observés,GS,P26,11,"Prononcer correctement les couples de consonnes proches suivants : ch/s, ch/j, ch/z.","Prononcer correctement les couples de consonnes proches suivants : ch/s, ch/j, ch/z.",Objectif transcrit ; situations et exemples à lire dans le programme,2026.1,Création de l’identité ; aucune filiation présumée avec la trame ou le pilote
LANG-O020,lang-o020,objectif officiel,Le développement et la structuration du langage oral et écrit,Articuler distinctement,À partir de 5 ans ou dès que les apprentissages précédents ont pu être observés,GS,P26,11,Prononcer correctement les doubles consonnes : br/cr/bl/pl/sl.,Prononcer correctement les doubles consonnes : br/cr/bl/pl/sl.,Objectif transcrit ; situations et exemples à lire dans le programme,2026.1,Création de l’identité ; aucune filiation présumée avec la trame ou le pilote
LANG-O021,lang-o021,objectif officiel,Le développement et la structuration du langage oral et écrit,Produire des discours variés,À aborder avant 4 ans,PS,P26,12,Entrer en communication verbale avec un adulte ou un autre élève.,Entrer en communication verbale avec un adulte ou un autre élève.,Objectif transcrit ; situations et exemples à lire dans le programme,2026.1,Création de l’identité ; aucune filiation présumée avec la trame ou le pilote
LANG-O022,o-dire-action-presente,objectif officiel,Le développement et la structuration du langage oral et écrit,Produire des discours variés,À aborder avant 4 ans,PS,P26,12,Dire ce qu’on fait.,Dire ce qu’on fait.,Objectif transcrit ; situations et exemples à lire dans le programme,2026.1,Création de l’identité ; aucune filiation présumée avec la trame ou le pilote
LANG-O023,lang-o023,objectif officiel,Le développement et la structuration du langage oral et écrit,Produire des discours variés,À aborder avant 4 ans,PS,P26,12,"Dire ce qu’on a fait et, peu à peu, ce qu’on va faire.","Dire ce qu’on a fait et, peu à peu, ce qu’on va faire.",Objectif transcrit ; situations et exemples à lire dans le programme,2026.1,Création de l’identité ; aucune filiation présumée avec la trame ou le pilote
LANG-O024,lang-o024,objectif officiel,Le développement et la structuration du langage oral et écrit,Produire des discours variés,À aborder avant 4 ans,PS,P26,12,Prendre part à l’oralisation d’un court texte mémorisé.,Prendre part à l’oralisation d’un court texte mémorisé.,Objectif transcrit ; situations et exemples à lire dans le programme,2026.1,Création de l’identité ; aucune filiation présumée avec la trame ou le pilote
LANG-O025,lang-o025,objectif officiel,Le développement et la structuration du langage oral et écrit,Produire des discours variés,À partir de 4 ans ou dès que les apprentissages précédents ont pu être observés,MS,P26,12,Dire ce qu’on va faire.,Dire ce qu’on va faire.,Objectif transcrit ; situations et exemples à lire dans le programme,2026.1,Création de l’identité ; aucune filiation présumée avec la trame ou le pilote
LANG-O026,lang-o026,objectif officiel,Le développement et la structuration du langage oral et écrit,Produire des discours variés,À partir de 4 ans ou dès que les apprentissages précédents ont pu être observés,MS,P26,12,Dire comment on a fait ou comment on va faire.,Dire comment on a fait ou comment on va faire.,Objectif transcrit ; situations et exemples à lire dans le programme,2026.1,Création de l’identité ; aucune filiation présumée avec la trame ou le pilote
LANG-O027,lang-o027,objectif officiel,Le développement et la structuration du langage oral et écrit,Produire des discours variés,À partir de 4 ans ou dès que les apprentissages précédents ont pu être observés,MS,P26,12,Oraliser un court texte mémorisé.,Oraliser un court texte mémorisé.,Objectif transcrit ; situations et exemples à lire dans le programme,2026.1,Création de l’identité ; aucune filiation présumée avec la trame ou le pilote
LANG-O028,lang-o028,objectif officiel,Le développement et la structuration du langage oral et écrit,Produire des discours variés,À partir de 4 ans ou dès que les apprentissages précédents ont pu être observés,MS,P26,12,Participer à des échanges en restant dans le propos.,Participer à des échanges en restant dans le propos.,Objectif transcrit ; situations et exemples à lire dans le programme,2026.1,Création de l’identité ; aucune filiation présumée avec la trame ou le pilote
LANG-O029,lang-o029,objectif officiel,Le développement et la structuration du langage oral et écrit,Produire des discours variés,À partir de 5 ans ou dès que les apprentissages précédents ont pu être observés,GS,P26,12,Décrire une action ou une activité qui a été menée par un autre élève.,Décrire une action ou une activité qui a été menée par un autre élève.,Objectif transcrit ; situations et exemples à lire dans le programme,2026.1,Création de l’identité ; aucune filiation présumée avec la trame ou le pilote
LANG-O030,lang-o030,objectif officiel,Le développement et la structuration du langage oral et écrit,Produire des discours variés,À partir de 5 ans ou dès que les apprentissages précédents ont pu être observés,GS,P26,12,"Se faire comprendre, par le truchement du langage, d’un adulte qui ne connait rien à la situation évoquée.","Se faire comprendre, par le truchement du langage, d’un adulte qui ne connait rien à la situation évoquée.",Objectif transcrit ; situations et exemples à lire dans le programme,2026.1,Création de l’identité ; aucune filiation présumée avec la trame ou le pilote
LANG-O031,lang-o031,objectif officiel,Le développement et la structuration du langage oral et écrit,Produire des discours variés,À partir de 5 ans ou dès que les apprentissages précédents ont pu être observés,GS,P26,12,Participer à une conversation avec un adulte ou des pairs et reformuler son propos s’il n’a pas été compris.,Participer à une conversation avec un adulte ou des pairs et reformuler son propos s’il n’a pas été compris.,Objectif transcrit ; situations et exemples à lire dans le programme,2026.1,Création de l’identité ; aucune filiation présumée avec la trame ou le pilote
LANG-O032,lang-o032,objectif officiel,Le développement et la structuration du langage oral et écrit,Produire des discours variés,À partir de 5 ans ou dès que les apprentissages précédents ont pu être observés,GS,P26,12,Émettre une hypothèse.,Émettre une hypothèse.,Objectif transcrit ; situations et exemples à lire dans le programme,2026.1,Création de l’identité ; aucune filiation présumée avec la trame ou le pilote
LANG-O033,lang-o033,objectif officiel,Le développement et la structuration du langage oral et écrit,Acquérir les habiletés phonologiques et le principe alphabétique,À aborder avant 4 ans,PS,P26,13,"Identifier les sons de la langue, lors de situations d’écoute proposées par le professeur.","Identifier les sons de la langue, lors de situations d’écoute proposées par le professeur.",Objectif transcrit ; situations et exemples à lire dans le programme,2026.1,Création de l’identité ; aucune filiation présumée avec la trame ou le pilote
LANG-O034,lang-o034,objectif officiel,Le développement et la structuration du langage oral et écrit,Acquérir les habiletés phonologiques et le principe alphabétique,À aborder avant 4 ans,PS,P26,13,"Identifier un mot donné à l’oral dans une phrase, dans un texte.","Identifier un mot donné à l’oral dans une phrase, dans un texte.",Objectif transcrit ; situations et exemples à lire dans le programme,2026.1,Création de l’identité ; aucune filiation présumée avec la trame ou le pilote
LANG-O035,lang-o035,objectif officiel,Le développement et la structuration du langage oral et écrit,Acquérir les habiletés phonologiques et le principe alphabétique,À aborder avant 4 ans,PS,P26,13,Scander les syllabes d’un mot.,Scander les syllabes d’un mot.,Objectif transcrit ; situations et exemples à lire dans le programme,2026.1,Création de l’identité ; aucune filiation présumée avec la trame ou le pilote
LANG-O036,lang-o036,objectif officiel,Le développement et la structuration du langage oral et écrit,Acquérir les habiletés phonologiques et le principe alphabétique,À aborder avant 4 ans,PS,P26,13,Dire des comptines courtes comprenant des phonèmes proches.,Dire des comptines courtes comprenant des phonèmes proches.,Objectif transcrit ; situations et exemples à lire dans le programme,2026.1,Création de l’identité ; aucune filiation présumée avec la trame ou le pilote
LANG-O037,lang-o037,objectif officiel,Le développement et la structuration du langage oral et écrit,Acquérir les habiletés phonologiques et le principe alphabétique,À aborder avant 4 ans,PS,P26,14,Reconnaitre et nommer certaines lettres de son prénom écrit en capitales.,Reconnaitre et nommer certaines lettres de son prénom écrit en capitales.,Objectif transcrit ; situations et exemples à lire dans le programme,2026.1,Création de l’identité ; aucune filiation présumée avec la trame ou le pilote
LANG-O038,lang-o038,objectif officiel,Le développement et la structuration du langage oral et écrit,Acquérir les habiletés phonologiques et le principe alphabétique,À partir de 4 ans ou dès que les apprentissages précédents ont pu être observés,MS,P26,14,"Utiliser la voix parlée, chantée et les possibilités vocales (imitation de sons, onomatopées) afin d’expérimenter différents sons.","Utiliser la voix parlée, chantée et les possibilités vocales (imitation de sons, onomatopées) afin d’expérimenter différents sons.",Objectif transcrit ; situations et exemples à lire dans le programme,2026.1,Création de l’identité ; aucune filiation présumée avec la trame ou le pilote
LANG-O039,lang-o039,objectif officiel,Le développement et la structuration du langage oral et écrit,Acquérir les habiletés phonologiques et le principe alphabétique,À partir de 4 ans ou dès que les apprentissages précédents ont pu être observés,MS,P26,14,"Entendre, discriminer des phonèmes.","Entendre, discriminer des phonèmes.",Objectif transcrit ; situations et exemples à lire dans le programme,2026.1,Création de l’identité ; aucune filiation présumée avec la trame ou le pilote
LANG-O040,lang-o040,objectif officiel,Le développement et la structuration du langage oral et écrit,Acquérir les habiletés phonologiques et le principe alphabétique,À partir de 4 ans ou dès que les apprentissages précédents ont pu être observés,MS,P26,14,Scander les syllabes d’un mot.,Scander les syllabes d’un mot.,Objectif transcrit ; situations et exemples à lire dans le programme,2026.1,Création de l’identité ; aucune filiation présumée avec la trame ou le pilote
LANG-O041,lang-o041,objectif officiel,Le développement et la structuration du langage oral et écrit,Acquérir les habiletés phonologiques et le principe alphabétique,À partir de 4 ans ou dès que les apprentissages précédents ont pu être observés,MS,P26,14,"Manipuler les syllabes d’un mot (ajout, suppression, permutation, répétition, fusion, substitution).","Manipuler les syllabes d’un mot (ajout, suppression, permutation, répétition, fusion, substitution).",Objectif transcrit ; situations et exemples à lire dans le programme,2026.1,Création de l’identité ; aucune filiation présumée avec la trame ou le pilote
LANG-O042,lang-o042,objectif officiel,Le développement et la structuration du langage oral et écrit,Acquérir les habiletés phonologiques et le principe alphabétique,À partir de 4 ans ou dès que les apprentissages précédents ont pu être observés,MS,P26,14,Dire des comptines courtes comprenant des phonèmes proches.,Dire des comptines courtes comprenant des phonèmes proches.,Objectif transcrit ; situations et exemples à lire dans le programme,2026.1,Création de l’identité ; aucune filiation présumée avec la trame ou le pilote
LANG-O043,lang-o043,objectif officiel,Le développement et la structuration du langage oral et écrit,Acquérir les habiletés phonologiques et le principe alphabétique,À partir de 4 ans ou dès que les apprentissages précédents ont pu être observés,MS,P26,14,Nommer les lettres de son prénom et quelques lettres de mots connus (le professeur nomme systématiquement les lettres).,Nommer les lettres de son prénom et quelques lettres de mots connus (le professeur nomme systématiquement les lettres).,Objectif transcrit ; situations et exemples à lire dans le programme,2026.1,Création de l’identité ; aucune filiation présumée avec la trame ou le pilote
LANG-O044,lang-o044,objectif officiel,Le développement et la structuration du langage oral et écrit,Acquérir les habiletés phonologiques et le principe alphabétique,À partir de 4 ans ou dès que les apprentissages précédents ont pu être observés,MS,P26,14,Connaitre la correspondance entre les lettres scriptes majuscules et minuscules et les lettres cursives minuscules.,Connaitre la correspondance entre les lettres scriptes majuscules et minuscules et les lettres cursives minuscules.,Objectif transcrit ; situations et exemples à lire dans le programme,2026.1,Création de l’identité ; aucune filiation présumée avec la trame ou le pilote
LANG-O045,lang-o045,objectif officiel,Le développement et la structuration du langage oral et écrit,Acquérir les habiletés phonologiques et le principe alphabétique,À partir de 4 ans ou dès que les apprentissages précédents ont pu être observés,MS,P26,14,Donner les valeurs sonores de quelques lettres de mots simples connus.,Donner les valeurs sonores de quelques lettres de mots simples connus.,Objectif transcrit ; situations et exemples à lire dans le programme,2026.1,Création de l’identité ; aucune filiation présumée avec la trame ou le pilote
LANG-O046,lang-o046,objectif officiel,Le développement et la structuration du langage oral et écrit,Acquérir les habiletés phonologiques et le principe alphabétique,À partir de 5 ans ou dès que les apprentissages précédents ont pu être observés,GS,P26,14,Utiliser les possibilités sonores de la voix.,Utiliser les possibilités sonores de la voix.,Objectif transcrit ; situations et exemples à lire dans le programme,2026.1,Création de l’identité ; aucune filiation présumée avec la trame ou le pilote
LANG-O047,lang-o047,objectif officiel,Le développement et la structuration du langage oral et écrit,Acquérir les habiletés phonologiques et le principe alphabétique,À partir de 5 ans ou dès que les apprentissages précédents ont pu être observés,GS,P26,14,Augmenter sa mémoire auditive et sa capacité de concentration.,Augmenter sa mémoire auditive et sa capacité de concentration.,Objectif transcrit ; situations et exemples à lire dans le programme,2026.1,Création de l’identité ; aucune filiation présumée avec la trame ou le pilote
LANG-O048,lang-o048,objectif officiel,Le développement et la structuration du langage oral et écrit,Acquérir les habiletés phonologiques et le principe alphabétique,À partir de 5 ans ou dès que les apprentissages précédents ont pu être observés,GS,P26,15,"Supprimer, ajouter, remplacer, inverser, substituer, fusionner les syllabes d’un mot.","Supprimer, ajouter, remplacer, inverser, substituer, fusionner les syllabes d’un mot.",Objectif transcrit ; situations et exemples à lire dans le programme,2026.1,Création de l’identité ; aucune filiation présumée avec la trame ou le pilote
LANG-O049,lang-o049,objectif officiel,Le développement et la structuration du langage oral et écrit,Acquérir les habiletés phonologiques et le principe alphabétique,À partir de 5 ans ou dès que les apprentissages précédents ont pu être observés,GS,P26,15,Repérer et produire des rimes et des assonances.,Repérer et produire des rimes et des assonances.,Objectif transcrit ; situations et exemples à lire dans le programme,2026.1,Création de l’identité ; aucune filiation présumée avec la trame ou le pilote
LANG-O050,lang-o050,objectif officiel,Le développement et la structuration du langage oral et écrit,Acquérir les habiletés phonologiques et le principe alphabétique,À partir de 5 ans ou dès que les apprentissages précédents ont pu être observés,GS,P26,15,"Entendre, discriminer, manipuler des phonèmes.","Entendre, discriminer, manipuler des phonèmes.",Objectif transcrit ; situations et exemples à lire dans le programme,2026.1,Création de l’identité ; aucune filiation présumée avec la trame ou le pilote
LANG-O051,lang-o051,objectif officiel,Le développement et la structuration du langage oral et écrit,Acquérir les habiletés phonologiques et le principe alphabétique,À partir de 5 ans ou dès que les apprentissages précédents ont pu être observés,GS,P26,15,Connaitre le nom des lettres de l’alphabet.,Connaitre le nom des lettres de l’alphabet.,Objectif transcrit ; situations et exemples à lire dans le programme,2026.1,Création de l’identité ; aucune filiation présumée avec la trame ou le pilote
LANG-O052,lang-o052,objectif officiel,Le développement et la structuration du langage oral et écrit,Acquérir les habiletés phonologiques et le principe alphabétique,À partir de 5 ans ou dès que les apprentissages précédents ont pu être observés,GS,P26,15,Connaitre les différentes graphies d’une même lettre (majuscule lettre capitale ; minuscules scriptes ; cursives).,Connaitre les différentes graphies d’une même lettre (majuscule lettre capitale ; minuscules scriptes ; cursives).,Objectif transcrit ; situations et exemples à lire dans le programme,2026.1,Création de l’identité ; aucune filiation présumée avec la trame ou le pilote
LANG-O053,lang-o053,objectif officiel,Le développement et la structuration du langage oral et écrit,Acquérir les habiletés phonologiques et le principe alphabétique,À partir de 5 ans ou dès que les apprentissages précédents ont pu être observés,GS,P26,15,"Distinguer des lettres visuellement proches (b/d, c/e/o, p/q) grâce à leur écriture cursive et les nommer correctement.","Distinguer des lettres visuellement proches (b/d, c/e/o, p/q) grâce à leur écriture cursive et les nommer correctement.",Objectif transcrit ; situations et exemples à lire dans le programme,2026.1,Création de l’identité ; aucune filiation présumée avec la trame ou le pilote
LANG-O054,lang-o054,objectif officiel,Le développement et la structuration du langage oral et écrit,Acquérir les habiletés phonologiques et le principe alphabétique,À partir de 5 ans ou dès que les apprentissages précédents ont pu être observés,GS,P26,15,Connaitre le nom des lettres de l’alphabet et leur valeur sonore hormis les occlusives.,Connaitre le nom des lettres de l’alphabet et leur valeur sonore hormis les occlusives.,Objectif transcrit ; situations et exemples à lire dans le programme,2026.1,Création de l’identité ; aucune filiation présumée avec la trame ou le pilote
LANG-O055,lang-o055,objectif officiel,Le développement et la structuration du langage oral et écrit,Acquérir les habiletés phonologiques et le principe alphabétique,À partir de 5 ans ou dès que les apprentissages précédents ont pu être observés,GS,P26,15,Discriminer des mots auditivement proches.,Discriminer des mots auditivement proches.,Objectif transcrit ; situations et exemples à lire dans le programme,2026.1,Création de l’identité ; aucune filiation présumée avec la trame ou le pilote
LANG-O056,lang-o056,objectif officiel,Le développement et la structuration du langage oral et écrit,S’éveiller à la diversité linguistique,À aborder avant 4 ans,PS,P26,16,"Écouter des chants, des comptines, des histoires connues dans des versions en français et en langue étrangère.","Écouter des chants, des comptines, des histoires connues dans des versions en français et en langue étrangère.",Objectif transcrit ; situations et exemples à lire dans le programme,2026.1,Création de l’identité ; aucune filiation présumée avec la trame ou le pilote
LANG-O057,lang-o057,objectif officiel,Le développement et la structuration du langage oral et écrit,S’éveiller à la diversité linguistique,À partir de 4 ans ou dès que les apprentissages précédents ont pu être observés,MS,P26,16,"Participer à des jeux dans une autre langue : jeux de doigts, rondes, jeux dansés, mimes, jeux de cour, jeux de cartes.","Participer à des jeux dans une autre langue : jeux de doigts, rondes, jeux dansés, mimes, jeux de cour, jeux de cartes.",Objectif transcrit ; situations et exemples à lire dans le programme,2026.1,Création de l’identité ; aucune filiation présumée avec la trame ou le pilote
LANG-O058,lang-o058,objectif officiel,Le développement et la structuration du langage oral et écrit,S’éveiller à la diversité linguistique,À partir de 4 ans ou dès que les apprentissages précédents ont pu être observés,MS,P26,16,Comparer des histoires lues en français et dans une autre langue.,Comparer des histoires lues en français et dans une autre langue.,Objectif transcrit ; situations et exemples à lire dans le programme,2026.1,Création de l’identité ; aucune filiation présumée avec la trame ou le pilote
LANG-O059,lang-o059,objectif officiel,Le développement et la structuration du langage oral et écrit,Écouter et comprendre différentes formes d’écrits,À aborder avant 4 ans,PS,P26,17,"Repérer les outils fonctionnels utilisés quotidiennement en classe (étiquette du prénom, emploi du temps, affiches, etc.).","Repérer les outils fonctionnels utilisés quotidiennement en classe (étiquette du prénom, emploi du temps, affiches, etc.).",Objectif transcrit ; situations et exemples à lire dans le programme,2026.1,Création de l’identité ; aucune filiation présumée avec la trame ou le pilote
LANG-O060,lang-o060,objectif officiel,Le développement et la structuration du langage oral et écrit,Écouter et comprendre différentes formes d’écrits,À aborder avant 4 ans,PS,P26,17,"Reconnaitre quelques écrits utilisés et produits en classe (comptines, recettes, carnet de lecteur).","Reconnaitre quelques écrits utilisés et produits en classe (comptines, recettes, carnet de lecteur).",Objectif transcrit ; situations et exemples à lire dans le programme,2026.1,Création de l’identité ; aucune filiation présumée avec la trame ou le pilote
LANG-O061,lang-o061,objectif officiel,Le développement et la structuration du langage oral et écrit,Écouter et comprendre différentes formes d’écrits,À aborder avant 4 ans,PS,P26,17,"Reconnaitre un personnage, le nommer et le situer dans les illustrations.","Reconnaitre un personnage, le nommer et le situer dans les illustrations.",Objectif transcrit ; situations et exemples à lire dans le programme,2026.1,Création de l’identité ; aucune filiation présumée avec la trame ou le pilote
LANG-O062,lang-o062,objectif officiel,Le développement et la structuration du langage oral et écrit,Écouter et comprendre différentes formes d’écrits,À aborder avant 4 ans,PS,P26,17,"Comprendre des histoires où l’enchainement des actions peut être rattaché à des expériences connues de la vie quotidienne (le bain, le coucher, etc.).","Comprendre des histoires où l’enchainement des actions peut être rattaché à des expériences connues de la vie quotidienne (le bain, le coucher, etc.).",Objectif transcrit ; situations et exemples à lire dans le programme,2026.1,Création de l’identité ; aucune filiation présumée avec la trame ou le pilote
LANG-O063,lang-o063,objectif officiel,Le développement et la structuration du langage oral et écrit,Écouter et comprendre différentes formes d’écrits,À partir de 4 ans ou dès que les apprentissages précédents ont pu être observés,MS,P26,17,"Reconnaitre, nommer et identifier la fonction de différents écrits rencontrés dans la vie courante.","Reconnaitre, nommer et identifier la fonction de différents écrits rencontrés dans la vie courante.",Objectif transcrit ; situations et exemples à lire dans le programme,2026.1,Création de l’identité ; aucune filiation présumée avec la trame ou le pilote
LANG-O064,lang-o064,objectif officiel,Le développement et la structuration du langage oral et écrit,Écouter et comprendre différentes formes d’écrits,À partir de 4 ans ou dès que les apprentissages précédents ont pu être observés,MS,P26,17,Prendre conscience de la notion de destinataire et de contenu de la requête adressée par un écrit.,Prendre conscience de la notion de destinataire et de contenu de la requête adressée par un écrit.,Objectif transcrit ; situations et exemples à lire dans le programme,2026.1,Création de l’identité ; aucune filiation présumée avec la trame ou le pilote
LANG-O065,lang-o065,objectif officiel,Le développement et la structuration du langage oral et écrit,Écouter et comprendre différentes formes d’écrits,À partir de 4 ans ou dès que les apprentissages précédents ont pu être observés,MS,P26,17,"Identifier et utiliser quotidiennement des outils fonctionnels pour se repérer, s’organiser, ranger.","Identifier et utiliser quotidiennement des outils fonctionnels pour se repérer, s’organiser, ranger.",Objectif transcrit ; situations et exemples à lire dans le programme,2026.1,Création de l’identité ; aucune filiation présumée avec la trame ou le pilote
LANG-O066,lang-o066,objectif officiel,Le développement et la structuration du langage oral et écrit,Écouter et comprendre différentes formes d’écrits,À partir de 4 ans ou dès que les apprentissages précédents ont pu être observés,MS,P26,17,Identifier et décrire le personnage principal et les personnages secondaires.,Identifier et décrire le personnage principal et les personnages secondaires.,Objectif transcrit ; situations et exemples à lire dans le programme,2026.1,Création de l’identité ; aucune filiation présumée avec la trame ou le pilote
LANG-O067,lang-o067,objectif officiel,Le développement et la structuration du langage oral et écrit,Écouter et comprendre différentes formes d’écrits,À partir de 4 ans ou dès que les apprentissages précédents ont pu être observés,MS,P26,17,"Comprendre des histoires dont les actions sont organisées autour d’une structure répétitive (rencontres successives) et commencer à comprendre les informations implicites (émotions, états et sentiments des personnages).","Comprendre des histoires dont les actions sont organisées autour d’une structure répétitive (rencontres successives) et commencer à comprendre les informations implicites (émotions, états et sentiments des personnages).",Objectif transcrit ; situations et exemples à lire dans le programme,2026.1,Création de l’identité ; aucune filiation présumée avec la trame ou le pilote
LANG-O068,lang-o068,objectif officiel,Le développement et la structuration du langage oral et écrit,Écouter et comprendre différentes formes d’écrits,À partir de 5 ans ou dès que les apprentissages précédents ont pu être observés,GS,P26,17,Différencier les types d’écrits et associer un écrit à un projet d’écriture ou de communication.,Différencier les types d’écrits et associer un écrit à un projet d’écriture ou de communication.,Objectif transcrit ; situations et exemples à lire dans le programme,2026.1,Création de l’identité ; aucune filiation présumée avec la trame ou le pilote
LANG-O069,lang-o069,objectif officiel,Le développement et la structuration du langage oral et écrit,Écouter et comprendre différentes formes d’écrits,À partir de 5 ans ou dès que les apprentissages précédents ont pu être observés,GS,P26,"17,18","Repérer et dégager la structure et l’organisation (mise en page, typographie) de formes d’écrits fréquemment utilisés en classe (structure de la lettre, de la recette, du conte, d’un écrit documentaire, d’une notice de fabrication).","Repérer et dégager la structure et l’organisation (mise en page, typographie) de formes d’écrits fréquemment utilisés en classe (structure de la lettre, de la recette, du conte, d’un écrit documentaire, d’une notice de fabrication).",Objectif transcrit ; situations et exemples à lire dans le programme,2026.1,Création de l’identité ; aucune filiation présumée avec la trame ou le pilote
LANG-O070,lang-o070,objectif officiel,Le développement et la structuration du langage oral et écrit,Écouter et comprendre différentes formes d’écrits,À partir de 5 ans ou dès que les apprentissages précédents ont pu être observés,GS,P26,18,"Construire les caractéristiques des personnages archétypaux (loup, princesse, ogre, sorcière, renard, fée, etc.).","Construire les caractéristiques des personnages archétypaux (loup, princesse, ogre, sorcière, renard, fée, etc.).",Objectif transcrit ; situations et exemples à lire dans le programme,2026.1,Création de l’identité ; aucune filiation présumée avec la trame ou le pilote
LANG-O071,lang-o071,objectif officiel,Le développement et la structuration du langage oral et écrit,Écouter et comprendre différentes formes d’écrits,À partir de 5 ans ou dès que les apprentissages précédents ont pu être observés,GS,P26,18,"Comprendre des histoires où l’enchainement des actions est lié au destin de personnages centraux ou secondaires qui évoluent et interagissent, dans des lieux diversifiés.","Comprendre des histoires où l’enchainement des actions est lié au destin de personnages centraux ou secondaires qui évoluent et interagissent, dans des lieux diversifiés.",Objectif transcrit ; situations et exemples à lire dans le programme,2026.1,Création de l’identité ; aucune filiation présumée avec la trame ou le pilote
LANG-O072,lang-o072,objectif officiel,Le développement et la structuration du langage oral et écrit,Écouter et comprendre différentes formes d’écrits,À partir de 5 ans ou dès que les apprentissages précédents ont pu être observés,GS,P26,18,"Comprendre les émotions, les intentions et les sentiments qui animent les personnages.","Comprendre les émotions, les intentions et les sentiments qui animent les personnages.",Objectif transcrit ; situations et exemples à lire dans le programme,2026.1,Création de l’identité ; aucune filiation présumée avec la trame ou le pilote
LANG-O073,lang-o073,objectif officiel,Le développement et la structuration du langage oral et écrit,Écouter et comprendre différentes formes d’écrits,À partir de 5 ans ou dès que les apprentissages précédents ont pu être observés,GS,P26,18,Établir un lien entre la lecture effectuée et sa propre expérience.,Établir un lien entre la lecture effectuée et sa propre expérience.,Objectif transcrit ; situations et exemples à lire dans le programme,2026.1,Création de l’identité ; aucune filiation présumée avec la trame ou le pilote
LANG-O074,lang-o074,objectif officiel,Le développement et la structuration du langage oral et écrit,Apprendre le geste d’écriture,À aborder avant 4 ans,PS,P26,18,"Participer aux activités de motricité générale, de motricité fine et aux exercices de graphismes ;","Participer aux activités de motricité générale, de motricité fine et aux exercices de graphismes ;",Objectif transcrit ; situations et exemples à lire dans le programme,2026.1,Création de l’identité ; aucune filiation présumée avec la trame ou le pilote
LANG-O075,lang-o075,objectif officiel,Le développement et la structuration du langage oral et écrit,Apprendre le geste d’écriture,À aborder avant 4 ans,PS,P26,18,Guider son geste par le regard lorsqu’il trace ou écrit ;,Guider son geste par le regard lorsqu’il trace ou écrit ;,Objectif transcrit ; situations et exemples à lire dans le programme,2026.1,Création de l’identité ; aucune filiation présumée avec la trame ou le pilote
LANG-O076,lang-o076,objectif officiel,Le développement et la structuration du langage oral et écrit,Apprendre le geste d’écriture,À aborder avant 4 ans,PS,P26,18,Prendre des repères spatiaux sur le support utilisé pour tracer.,Prendre des repères spatiaux sur le support utilisé pour tracer.,Objectif transcrit ; situations et exemples à lire dans le programme,2026.1,Création de l’identité ; aucune filiation présumée avec la trame ou le pilote
LANG-O077,lang-o077,objectif officiel,Le développement et la structuration du langage oral et écrit,Apprendre le geste d’écriture,À partir de 4 ans ou dès que les apprentissages précédents ont pu être observés,MS,P26,19,Adopter une posture adaptée au geste d’écriture.,Adopter une posture adaptée au geste d’écriture.,Objectif transcrit ; situations et exemples à lire dans le programme,2026.1,Création de l’identité ; aucune filiation présumée avec la trame ou le pilote
LANG-O078,lang-o078,objectif officiel,Le développement et la structuration du langage oral et écrit,Apprendre le geste d’écriture,À partir de 4 ans ou dès que les apprentissages précédents ont pu être observés,MS,P26,19,Adopter une préhension correcte du stylo et s’entrainer à ne pas le lever en écrivant.,Adopter une préhension correcte du stylo et s’entrainer à ne pas le lever en écrivant.,Objectif transcrit ; situations et exemples à lire dans le programme,2026.1,Création de l’identité ; aucune filiation présumée avec la trame ou le pilote
LANG-O079,lang-o079,objectif officiel,Le développement et la structuration du langage oral et écrit,Apprendre le geste d’écriture,À partir de 4 ans ou dès que les apprentissages précédents ont pu être observés,MS,P26,19,"Utiliser de façon coordonnée les quatre articulations qui servent à tenir et guider le crayon (épaule, coude, poignet, doigts).","Utiliser de façon coordonnée les quatre articulations qui servent à tenir et guider le crayon (épaule, coude, poignet, doigts).",Objectif transcrit ; situations et exemples à lire dans le programme,2026.1,Création de l’identité ; aucune filiation présumée avec la trame ou le pilote
LANG-O080,lang-o080,objectif officiel,Le développement et la structuration du langage oral et écrit,Apprendre le geste d’écriture,À partir de 4 ans ou dès que les apprentissages précédents ont pu être observés,MS,P26,19,Tracer des lettres capitales.,Tracer des lettres capitales.,Objectif transcrit ; situations et exemples à lire dans le programme,2026.1,Création de l’identité ; aucune filiation présumée avec la trame ou le pilote
LANG-O081,lang-o081,objectif officiel,Le développement et la structuration du langage oral et écrit,Apprendre le geste d’écriture,À partir de 4 ans ou dès que les apprentissages précédents ont pu être observés,MS,P26,19,S’initier aux tracés de l’écriture cursive.,S’initier aux tracés de l’écriture cursive.,Objectif transcrit ; situations et exemples à lire dans le programme,2026.1,Création de l’identité ; aucune filiation présumée avec la trame ou le pilote
LANG-O082,lang-o082,objectif officiel,Le développement et la structuration du langage oral et écrit,Apprendre le geste d’écriture,À partir de 5 ans ou dès que les apprentissages précédents ont pu être observés,GS,P26,19,"Tenir correctement son stylo par la pince des doigts et utiliser de façon coordonnée les quatre articulations (épaule, coude, poignet, doigts).","Tenir correctement son stylo par la pince des doigts et utiliser de façon coordonnée les quatre articulations (épaule, coude, poignet, doigts).",Objectif transcrit ; situations et exemples à lire dans le programme,2026.1,Création de l’identité ; aucune filiation présumée avec la trame ou le pilote
LANG-O083,lang-o083,objectif officiel,Le développement et la structuration du langage oral et écrit,Apprendre le geste d’écriture,À partir de 5 ans ou dès que les apprentissages précédents ont pu être observés,GS,P26,19,Travailler la ligature entre deux lettres.,Travailler la ligature entre deux lettres.,Objectif transcrit ; situations et exemples à lire dans le programme,2026.1,Création de l’identité ; aucune filiation présumée avec la trame ou le pilote
LANG-O084,lang-o084,objectif officiel,Le développement et la structuration du langage oral et écrit,Apprendre le geste d’écriture,À partir de 5 ans ou dès que les apprentissages précédents ont pu être observés,GS,P26,19,"Tracer des lettres en écriture cursive, les enchainer.","Tracer des lettres en écriture cursive, les enchainer.",Objectif transcrit ; situations et exemples à lire dans le programme,2026.1,Création de l’identité ; aucune filiation présumée avec la trame ou le pilote
LANG-O085,lang-o085,objectif officiel,Le développement et la structuration du langage oral et écrit,Produire de premiers écrits,À aborder avant 4 ans,PS,P26,20,Percevoir que l’écrit encode l’oral.,Percevoir que l’écrit encode l’oral.,Objectif transcrit ; situations et exemples à lire dans le programme,2026.1,Création de l’identité ; aucune filiation présumée avec la trame ou le pilote
LANG-O086,lang-o086,objectif officiel,Le développement et la structuration du langage oral et écrit,Produire de premiers écrits,À aborder avant 4 ans,PS,P26,20,Utiliser un support écrit connu.,Utiliser un support écrit connu.,Objectif transcrit ; situations et exemples à lire dans le programme,2026.1,Création de l’identité ; aucune filiation présumée avec la trame ou le pilote
LANG-O087,lang-o087,objectif officiel,Le développement et la structuration du langage oral et écrit,Produire de premiers écrits,À aborder avant 4 ans,PS,P26,20,Mimer la posture et les gestes d’écriture de l’adulte lors de la production de traces qui s’apparentent à de l’écriture.,Mimer la posture et les gestes d’écriture de l’adulte lors de la production de traces qui s’apparentent à de l’écriture.,Objectif transcrit ; situations et exemples à lire dans le programme,2026.1,Création de l’identité ; aucune filiation présumée avec la trame ou le pilote
LANG-O088,lang-o088,objectif officiel,Le développement et la structuration du langage oral et écrit,Produire de premiers écrits,À aborder avant 4 ans,PS,P26,20,"Tracer volontairement des signes abstraits dont on comprend qu’il ne s’agit pas de dessins, mais de lettres.","Tracer volontairement des signes abstraits dont on comprend qu’il ne s’agit pas de dessins, mais de lettres.",Objectif transcrit ; situations et exemples à lire dans le programme,2026.1,Création de l’identité ; aucune filiation présumée avec la trame ou le pilote
LANG-O089,lang-o089,objectif officiel,Le développement et la structuration du langage oral et écrit,Produire de premiers écrits,À partir de 4 ans ou dès que les apprentissages précédents ont pu être observés,MS,P26,20,"Comprendre que lorsque l’adulte lit un même écrit plusieurs fois, ce qu’il lit est toujours identique.","Comprendre que lorsque l’adulte lit un même écrit plusieurs fois, ce qu’il lit est toujours identique.",Objectif transcrit ; situations et exemples à lire dans le programme,2026.1,Création de l’identité ; aucune filiation présumée avec la trame ou le pilote
LANG-O090,lang-o090,objectif officiel,Le développement et la structuration du langage oral et écrit,Produire de premiers écrits,À partir de 4 ans ou dès que les apprentissages précédents ont pu être observés,MS,P26,20,Comprendre que l’écrit code des sons.,Comprendre que l’écrit code des sons.,Objectif transcrit ; situations et exemples à lire dans le programme,2026.1,Création de l’identité ; aucune filiation présumée avec la trame ou le pilote
LANG-O091,lang-o091,objectif officiel,Le développement et la structuration du langage oral et écrit,Produire de premiers écrits,À partir de 4 ans ou dès que les apprentissages précédents ont pu être observés,MS,P26,20,"Proposer au professeur, lors d’une activité de dictée à l’adulte, le contenu d’un court message, stabiliser un énoncé oral et le mémoriser pour pouvoir ensuite le dicter au professeur.","Proposer au professeur, lors d’une activité de dictée à l’adulte, le contenu d’un court message, stabiliser un énoncé oral et le mémoriser pour pouvoir ensuite le dicter au professeur.",Objectif transcrit ; situations et exemples à lire dans le programme,2026.1,Création de l’identité ; aucune filiation présumée avec la trame ou le pilote
LANG-O092,lang-o092,objectif officiel,Le développement et la structuration du langage oral et écrit,Produire de premiers écrits,À partir de 4 ans ou dès que les apprentissages précédents ont pu être observés,MS,P26,20,Comparer la longueur d’un texte écrit et la durée du texte entendu.,Comparer la longueur d’un texte écrit et la durée du texte entendu.,Objectif transcrit ; situations et exemples à lire dans le programme,2026.1,Création de l’identité ; aucune filiation présumée avec la trame ou le pilote
LANG-O093,lang-o093,objectif officiel,Le développement et la structuration du langage oral et écrit,Produire de premiers écrits,À partir de 4 ans ou dès que les apprentissages précédents ont pu être observés,MS,P26,20,Savoir que le sens de la lecture est de gauche à droite et de haut en bas.,Savoir que le sens de la lecture est de gauche à droite et de haut en bas.,Objectif transcrit ; situations et exemples à lire dans le programme,2026.1,Création de l’identité ; aucune filiation présumée avec la trame ou le pilote
LANG-O094,lang-o094,objectif officiel,Le développement et la structuration du langage oral et écrit,Produire de premiers écrits,À partir de 4 ans ou dès que les apprentissages précédents ont pu être observés,MS,P26,20,Chercher parmi les outils à sa disposition des modèles qui seront réutilisés dans un essai d’écriture.,Chercher parmi les outils à sa disposition des modèles qui seront réutilisés dans un essai d’écriture.,Objectif transcrit ; situations et exemples à lire dans le programme,2026.1,Création de l’identité ; aucune filiation présumée avec la trame ou le pilote
LANG-O095,lang-o095,objectif officiel,Le développement et la structuration du langage oral et écrit,Produire de premiers écrits,À partir de 5 ans ou dès que les apprentissages précédents ont pu être observés,GS,P26,20,"Segmenter l’oral en mots, les mots en syllabes, quelques syllabes en phonèmes.","Segmenter l’oral en mots, les mots en syllabes, quelques syllabes en phonèmes.",Objectif transcrit ; situations et exemples à lire dans le programme,2026.1,Création de l’identité ; aucune filiation présumée avec la trame ou le pilote
LANG-O096,lang-o096,objectif officiel,Le développement et la structuration du langage oral et écrit,Produire de premiers écrits,À partir de 5 ans ou dès que les apprentissages précédents ont pu être observés,GS,P26,20,Comprendre que l’écrit encode l’oral et que les sons de la langue sont codés par des lettres.,Comprendre que l’écrit encode l’oral et que les sons de la langue sont codés par des lettres.,Objectif transcrit ; situations et exemples à lire dans le programme,2026.1,Création de l’identité ; aucune filiation présumée avec la trame ou le pilote
LANG-O097,lang-o097,objectif officiel,Le développement et la structuration du langage oral et écrit,Produire de premiers écrits,À partir de 5 ans ou dès que les apprentissages précédents ont pu être observés,GS,P26,20,Suivre la trace écrite des yeux lors d’une relecture par l’adulte d’un message produit lors d’une dictée à l’adulte.,Suivre la trace écrite des yeux lors d’une relecture par l’adulte d’un message produit lors d’une dictée à l’adulte.,Objectif transcrit ; situations et exemples à lire dans le programme,2026.1,Création de l’identité ; aucune filiation présumée avec la trame ou le pilote
LANG-O098,lang-o098,objectif officiel,Le développement et la structuration du langage oral et écrit,Produire de premiers écrits,À partir de 5 ans ou dès que les apprentissages précédents ont pu être observés,GS,P26,21,"Mémoriser la graphie d’un mot transparent, en s’appuyant sur la connaissance des lettres et la conscience phonologique et le retranscrire sur un support.","Mémoriser la graphie d’un mot transparent, en s’appuyant sur la connaissance des lettres et la conscience phonologique et le retranscrire sur un support.",Objectif transcrit ; situations et exemples à lire dans le programme,2026.1,Création de l’identité ; aucune filiation présumée avec la trame ou le pilote
LANG-O099,lang-o099,objectif officiel,Le développement et la structuration du langage oral et écrit,Produire de premiers écrits,À partir de 5 ans ou dès que les apprentissages précédents ont pu être observés,GS,P26,21,Réinvestir ses premières connaissances relatives au principe alphabétique pour produire un écrit.,Réinvestir ses premières connaissances relatives au principe alphabétique pour produire un écrit.,Objectif transcrit ; situations et exemples à lire dans le programme,2026.1,Création de l’identité ; aucune filiation présumée avec la trame ou le pilote
LANG-O100,lang-o100,objectif officiel,Le développement et la structuration du langage oral et écrit,Produire de premiers écrits,À partir de 5 ans ou dès que les apprentissages précédents ont pu être observés,GS,P26,21,Se repérer dans l’alphabet pour retrouver l’écriture d’une lettre nécessaire pour produire un écrit.,Se repérer dans l’alphabet pour retrouver l’écriture d’une lettre nécessaire pour produire un écrit.,Objectif transcrit ; situations et exemples à lire dans le programme,2026.1,Création de l’identité ; aucune filiation présumée avec la trame ou le pilote
LANG-O101,lang-o101,objectif officiel,Le développement et la structuration du langage oral et écrit,Produire de premiers écrits,À partir de 5 ans ou dès que les apprentissages précédents ont pu être observés,GS,P26,21,Mémoriser l’écriture de mots transparents ou de syllabes connues pour les réutiliser dans une production d’écrit.,Mémoriser l’écriture de mots transparents ou de syllabes connues pour les réutiliser dans une production d’écrit.,Objectif transcrit ; situations et exemples à lire dans le programme,2026.1,Création de l’identité ; aucune filiation présumée avec la trame ou le pilote
LANG-O102,lang-o102,objectif officiel,Le développement et la structuration du langage oral et écrit,Produire de premiers écrits,À partir de 5 ans ou dès que les apprentissages précédents ont pu être observés,GS,P26,21,"Comprendre qu’il existe une norme pour écrire : ponctuation, majuscules, mise en page, etc.","Comprendre qu’il existe une norme pour écrire : ponctuation, majuscules, mise en page, etc.",Objectif transcrit ; situations et exemples à lire dans le programme,2026.1,Création de l’identité ; aucune filiation présumée avec la trame ou le pilote
LANG-O103,lang-o103,objectif officiel,Le développement et la structuration du langage oral et écrit,Produire de premiers écrits,À partir de 5 ans ou dès que les apprentissages précédents ont pu être observés,GS,P26,21,"Persévérer pour mener la production d’écrit à son terme : préparation, énonciation et révision.","Persévérer pour mener la production d’écrit à son terme : préparation, énonciation et révision.",Objectif transcrit ; situations et exemples à lire dans le programme,2026.1,Création de l’identité ; aucune filiation présumée avec la trame ou le pilote
PHYS-O001,phys-o001,objectif officiel,"Agir, s’exprimer, comprendre à travers les activités physiques","Manipuler, courir, sauter, lancer, s’orienter",À aborder avant 4 ans,PS,P26,23,Manipuler et lancer des objets avec des intentions motrices différentes.,Manipuler et lancer des objets avec des intentions motrices différentes.,Objectif transcrit ; situations et exemples à lire dans le programme,2026.1,Création de l’identité ; aucune filiation présumée avec la trame ou le pilote
PHYS-O002,phys-o002,objectif officiel,"Agir, s’exprimer, comprendre à travers les activités physiques","Manipuler, courir, sauter, lancer, s’orienter",À aborder avant 4 ans,PS,P26,23,Courir de manière variée et coordonnée.,Courir de manière variée et coordonnée.,Objectif transcrit ; situations et exemples à lire dans le programme,2026.1,Création de l’identité ; aucune filiation présumée avec la trame ou le pilote
PHYS-O003,o-saut-obstacle-sans-elan,objectif officiel,"Agir, s’exprimer, comprendre à travers les activités physiques","Manipuler, courir, sauter, lancer, s’orienter",À aborder avant 4 ans,PS,P26,23,Sauter sans élan un obstacle.,Sauter sans élan un obstacle.,Objectif transcrit ; situations et exemples à lire dans le programme,2026.1,Création de l’identité ; aucune filiation présumée avec la trame ou le pilote
PHYS-O004,phys-o004,objectif officiel,"Agir, s’exprimer, comprendre à travers les activités physiques","Manipuler, courir, sauter, lancer, s’orienter",À aborder avant 4 ans,PS,P26,23,Se situer dans un espace proche et connu en utilisant des indices présents dans l’environnement.,Se situer dans un espace proche et connu en utilisant des indices présents dans l’environnement.,Objectif transcrit ; situations et exemples à lire dans le programme,2026.1,Création de l’identité ; aucune filiation présumée avec la trame ou le pilote
PHYS-O005,phys-o005,objectif officiel,"Agir, s’exprimer, comprendre à travers les activités physiques","Manipuler, courir, sauter, lancer, s’orienter",À partir de 4 ans ou dès que les apprentissages précédents ont pu être observés,MS,P26,23,Lancer loin de manière coordonnée.,Lancer loin de manière coordonnée.,Objectif transcrit ; situations et exemples à lire dans le programme,2026.1,Création de l’identité ; aucune filiation présumée avec la trame ou le pilote
PHYS-O006,phys-o006,objectif officiel,"Agir, s’exprimer, comprendre à travers les activités physiques","Manipuler, courir, sauter, lancer, s’orienter",À partir de 4 ans ou dès que les apprentissages précédents ont pu être observés,MS,P26,23,Courir vite en ligne droite sur une distance ou une durée courte.,Courir vite en ligne droite sur une distance ou une durée courte.,Objectif transcrit ; situations et exemples à lire dans le programme,2026.1,Création de l’identité ; aucune filiation présumée avec la trame ou le pilote
PHYS-O007,phys-o007,objectif officiel,"Agir, s’exprimer, comprendre à travers les activités physiques","Manipuler, courir, sauter, lancer, s’orienter",À partir de 4 ans ou dès que les apprentissages précédents ont pu être observés,MS,P26,23,Sauter sans élan plusieurs obstacles.,Sauter sans élan plusieurs obstacles.,Objectif transcrit ; situations et exemples à lire dans le programme,2026.1,Création de l’identité ; aucune filiation présumée avec la trame ou le pilote
PHYS-O008,phys-o008,objectif officiel,"Agir, s’exprimer, comprendre à travers les activités physiques","Manipuler, courir, sauter, lancer, s’orienter",À partir de 4 ans ou dès que les apprentissages précédents ont pu être observés,MS,P26,23,Se situer dans un espace élargi et connu grâce à des indices prélevés dans l’environnement.,Se situer dans un espace élargi et connu grâce à des indices prélevés dans l’environnement.,Objectif transcrit ; situations et exemples à lire dans le programme,2026.1,Création de l’identité ; aucune filiation présumée avec la trame ou le pilote
PHYS-O009,phys-o009,objectif officiel,"Agir, s’exprimer, comprendre à travers les activités physiques","Manipuler, courir, sauter, lancer, s’orienter",À partir de 5 ans ou dès que les apprentissages précédents ont pu être observés,GS,P26,23,Lancer loin et avec précision différents objets.,Lancer loin et avec précision différents objets.,Objectif transcrit ; situations et exemples à lire dans le programme,2026.1,Création de l’identité ; aucune filiation présumée avec la trame ou le pilote
PHYS-O010,phys-o010,objectif officiel,"Agir, s’exprimer, comprendre à travers les activités physiques","Manipuler, courir, sauter, lancer, s’orienter",À partir de 5 ans ou dès que les apprentissages précédents ont pu être observés,GS,P26,23,Courir de plus en plus longtemps sans s’arrêter.,Courir de plus en plus longtemps sans s’arrêter.,Objectif transcrit ; situations et exemples à lire dans le programme,2026.1,Création de l’identité ; aucune filiation présumée avec la trame ou le pilote
PHYS-O011,phys-o011,objectif officiel,"Agir, s’exprimer, comprendre à travers les activités physiques","Manipuler, courir, sauter, lancer, s’orienter",À partir de 5 ans ou dès que les apprentissages précédents ont pu être observés,GS,P26,23,Courir vite et franchir un obstacle sur une distance courte.,Courir vite et franchir un obstacle sur une distance courte.,Objectif transcrit ; situations et exemples à lire dans le programme,2026.1,Création de l’identité ; aucune filiation présumée avec la trame ou le pilote
PHYS-O012,phys-o012,objectif officiel,"Agir, s’exprimer, comprendre à travers les activités physiques","Manipuler, courir, sauter, lancer, s’orienter",À partir de 5 ans ou dès que les apprentissages précédents ont pu être observés,GS,P26,23,Coordonner ses actions et ses déplacements pour lancer et pour sauter haut ou loin.,Coordonner ses actions et ses déplacements pour lancer et pour sauter haut ou loin.,Objectif transcrit ; situations et exemples à lire dans le programme,2026.1,Création de l’identité ; aucune filiation présumée avec la trame ou le pilote
PHYS-O013,phys-o013,objectif officiel,"Agir, s’exprimer, comprendre à travers les activités physiques","Manipuler, courir, sauter, lancer, s’orienter",À partir de 5 ans ou dès que les apprentissages précédents ont pu être observés,GS,P26,23,Se situer dans un milieu moins connu grâce à des indices prélevés dans l’environnement.,Se situer dans un milieu moins connu grâce à des indices prélevés dans l’environnement.,Objectif transcrit ; situations et exemples à lire dans le programme,2026.1,Création de l’identité ; aucune filiation présumée avec la trame ou le pilote
PHYS-O014,phys-o014,objectif officiel,"Agir, s’exprimer, comprendre à travers les activités physiques","Tourner, se suspendre, se renverser, grimper, rouler, glisser, nager",À aborder avant 4 ans,PS,P26,24,Développer de nouveaux équilibres par des modes de déplacement variés.,Développer de nouveaux équilibres par des modes de déplacement variés.,Objectif transcrit ; situations et exemples à lire dans le programme,2026.1,Création de l’identité ; aucune filiation présumée avec la trame ou le pilote
PHYS-O015,phys-o015,objectif officiel,"Agir, s’exprimer, comprendre à travers les activités physiques","Tourner, se suspendre, se renverser, grimper, rouler, glisser, nager",À aborder avant 4 ans,PS,P26,24,Développer de nouveaux équilibres dans des environnements de pratiques inhabituels et sécurisés.,Développer de nouveaux équilibres dans des environnements de pratiques inhabituels et sécurisés.,Objectif transcrit ; situations et exemples à lire dans le programme,2026.1,Création de l’identité ; aucune filiation présumée avec la trame ou le pilote
PHYS-O016,phys-o016,objectif officiel,"Agir, s’exprimer, comprendre à travers les activités physiques","Tourner, se suspendre, se renverser, grimper, rouler, glisser, nager",À partir de 4 ans ou dès que les apprentissages précédents ont pu être observés,MS,P26,24,Développer de nouveaux équilibres par des déplacements impliquant une perte de repères habituels.,Développer de nouveaux équilibres par des déplacements impliquant une perte de repères habituels.,Objectif transcrit ; situations et exemples à lire dans le programme,2026.1,Création de l’identité ; aucune filiation présumée avec la trame ou le pilote
PHYS-O017,phys-o017,objectif officiel,"Agir, s’exprimer, comprendre à travers les activités physiques","Tourner, se suspendre, se renverser, grimper, rouler, glisser, nager",À partir de 4 ans ou dès que les apprentissages précédents ont pu être observés,MS,P26,24,Comprendre l’intérêt des règles de sécurité dans des activités et environnements inhabituels.,Comprendre l’intérêt des règles de sécurité dans des activités et environnements inhabituels.,Objectif transcrit ; situations et exemples à lire dans le programme,2026.1,Création de l’identité ; aucune filiation présumée avec la trame ou le pilote
PHYS-O018,phys-o018,objectif officiel,"Agir, s’exprimer, comprendre à travers les activités physiques","Tourner, se suspendre, se renverser, grimper, rouler, glisser, nager",À partir de 5 ans ou dès que les apprentissages précédents ont pu être observés,GS,P26,24,Construire de nouveaux équilibres par des déplacements impliquant une combinaison d’actions.,Construire de nouveaux équilibres par des déplacements impliquant une combinaison d’actions.,Objectif transcrit ; situations et exemples à lire dans le programme,2026.1,Création de l’identité ; aucune filiation présumée avec la trame ou le pilote
PHYS-O019,phys-o019,objectif officiel,"Agir, s’exprimer, comprendre à travers les activités physiques","Tourner, se suspendre, se renverser, grimper, rouler, glisser, nager",À partir de 5 ans ou dès que les apprentissages précédents ont pu être observés,GS,P26,24,Explorer le milieu aquatique et développer une nouvelle locomotion dans l’eau.,Explorer le milieu aquatique et développer une nouvelle locomotion dans l’eau.,Objectif transcrit ; situations et exemples à lire dans le programme,2026.1,Création de l’identité ; aucune filiation présumée avec la trame ou le pilote
PHYS-O020,phys-o020,objectif officiel,"Agir, s’exprimer, comprendre à travers les activités physiques","Tourner, se suspendre, se renverser, grimper, rouler, glisser, nager",À partir de 5 ans ou dès que les apprentissages précédents ont pu être observés,GS,P26,24,Respecter les règles de sécurité pour soi et pour les autres.,Respecter les règles de sécurité pour soi et pour les autres.,Objectif transcrit ; situations et exemples à lire dans le programme,2026.1,Création de l’identité ; aucune filiation présumée avec la trame ou le pilote
PHYS-O021,phys-o021,objectif officiel,"Agir, s’exprimer, comprendre à travers les activités physiques","Explorer, s’exprimer, danser, observer",À aborder avant 4 ans,PS,P26,25,Découvrir et explorer le mouvement comme vecteur d’expression.,Découvrir et explorer le mouvement comme vecteur d’expression.,Objectif transcrit ; situations et exemples à lire dans le programme,2026.1,Création de l’identité ; aucune filiation présumée avec la trame ou le pilote
PHYS-O022,phys-o022,objectif officiel,"Agir, s’exprimer, comprendre à travers les activités physiques","Explorer, s’exprimer, danser, observer",À aborder avant 4 ans,PS,P26,25,Oser s’exprimer avec son corps seul et avec les autres en répondant à une consigne simple.,Oser s’exprimer avec son corps seul et avec les autres en répondant à une consigne simple.,Objectif transcrit ; situations et exemples à lire dans le programme,2026.1,Création de l’identité ; aucune filiation présumée avec la trame ou le pilote
PHYS-O023,phys-o023,objectif officiel,"Agir, s’exprimer, comprendre à travers les activités physiques","Explorer, s’exprimer, danser, observer",À aborder avant 4 ans,PS,P26,25,Observer pour produire et reproduire un ou plusieurs mouvements avec une intention d’expression.,Observer pour produire et reproduire un ou plusieurs mouvements avec une intention d’expression.,Objectif transcrit ; situations et exemples à lire dans le programme,2026.1,Création de l’identité ; aucune filiation présumée avec la trame ou le pilote
PHYS-O024,phys-o024,objectif officiel,"Agir, s’exprimer, comprendre à travers les activités physiques","Explorer, s’exprimer, danser, observer",À partir de 4 ans ou dès que les apprentissages précédents ont pu être observés,MS,P26,25,Découvrir et explorer le geste dansé.,Découvrir et explorer le geste dansé.,Objectif transcrit ; situations et exemples à lire dans le programme,2026.1,Création de l’identité ; aucune filiation présumée avec la trame ou le pilote
PHYS-O025,phys-o025,objectif officiel,"Agir, s’exprimer, comprendre à travers les activités physiques","Explorer, s’exprimer, danser, observer",À partir de 4 ans ou dès que les apprentissages précédents ont pu être observés,MS,P26,25,Découvrir l’espace scénique.,Découvrir l’espace scénique.,Objectif transcrit ; situations et exemples à lire dans le programme,2026.1,Création de l’identité ; aucune filiation présumée avec la trame ou le pilote
PHYS-O026,phys-o026,objectif officiel,"Agir, s’exprimer, comprendre à travers les activités physiques","Explorer, s’exprimer, danser, observer",À partir de 4 ans ou dès que les apprentissages précédents ont pu être observés,MS,P26,25,Développer une posture de spectateur et de spectatrice actifs.,Développer une posture de spectateur et de spectatrice actifs.,Objectif transcrit ; situations et exemples à lire dans le programme,2026.1,Création de l’identité ; aucune filiation présumée avec la trame ou le pilote
PHYS-O027,phys-o027,objectif officiel,"Agir, s’exprimer, comprendre à travers les activités physiques","Explorer, s’exprimer, danser, observer",À partir de 5 ans ou dès que les apprentissages précédents ont pu être observés,GS,P26,25,"Enrichir le geste dansé par de nouvelles coordinations motrices, issues également des arts du cirque.","Enrichir le geste dansé par de nouvelles coordinations motrices, issues également des arts du cirque.",Objectif transcrit ; situations et exemples à lire dans le programme,2026.1,Création de l’identité ; aucune filiation présumée avec la trame ou le pilote
PHYS-O028,phys-o028,objectif officiel,"Agir, s’exprimer, comprendre à travers les activités physiques","Explorer, s’exprimer, danser, observer",À partir de 5 ans ou dès que les apprentissages précédents ont pu être observés,GS,P26,25,"Explorer l’ensemble de l’espace scénique en variant les inducteurs (objets, mondes sonores, modes de déplacements, etc.) pour créer des effets.","Explorer l’ensemble de l’espace scénique en variant les inducteurs (objets, mondes sonores, modes de déplacements, etc.) pour créer des effets.",Objectif transcrit ; situations et exemples à lire dans le programme,2026.1,Création de l’identité ; aucune filiation présumée avec la trame ou le pilote
PHYS-O029,phys-o029,objectif officiel,"Agir, s’exprimer, comprendre à travers les activités physiques","Explorer, s’exprimer, danser, observer",À partir de 5 ans ou dès que les apprentissages précédents ont pu être observés,GS,P26,25,"Danser, seul ou à plusieurs, en créant et en reproduisant un ou plusieurs gestes et déplacements.","Danser, seul ou à plusieurs, en créant et en reproduisant un ou plusieurs gestes et déplacements.",Objectif transcrit ; situations et exemples à lire dans le programme,2026.1,Création de l’identité ; aucune filiation présumée avec la trame ou le pilote
PHYS-O030,phys-o030,objectif officiel,"Agir, s’exprimer, comprendre à travers les activités physiques","Explorer, s’exprimer, danser, observer",À partir de 5 ans ou dès que les apprentissages précédents ont pu être observés,GS,P26,25,Adopter une posture de spectateur et de spectatrice actifs.,Adopter une posture de spectateur et de spectatrice actifs.,Objectif transcrit ; situations et exemples à lire dans le programme,2026.1,Création de l’identité ; aucune filiation présumée avec la trame ou le pilote
PHYS-O031,phys-o031,objectif officiel,"Agir, s’exprimer, comprendre à travers les activités physiques","Coopérer, s’opposer, respecter",À aborder avant 4 ans,PS,P26,26,Comprendre et s’approprier un rôle dans les formes de jeu les plus simples.,Comprendre et s’approprier un rôle dans les formes de jeu les plus simples.,Objectif transcrit ; situations et exemples à lire dans le programme,2026.1,Création de l’identité ; aucune filiation présumée avec la trame ou le pilote
PHYS-O032,phys-o032,objectif officiel,"Agir, s’exprimer, comprendre à travers les activités physiques","Coopérer, s’opposer, respecter",À aborder avant 4 ans,PS,P26,26,Explorer différents jeux moteurs vécus en interindividuel ou en collectif.,Explorer différents jeux moteurs vécus en interindividuel ou en collectif.,Objectif transcrit ; situations et exemples à lire dans le programme,2026.1,Création de l’identité ; aucune filiation présumée avec la trame ou le pilote
PHYS-O033,phys-o033,objectif officiel,"Agir, s’exprimer, comprendre à travers les activités physiques","Coopérer, s’opposer, respecter",À aborder avant 4 ans,PS,P26,26,Éprouver le plaisir de jouer dans le respect des autres et des règles communes.,Éprouver le plaisir de jouer dans le respect des autres et des règles communes.,Objectif transcrit ; situations et exemples à lire dans le programme,2026.1,Création de l’identité ; aucune filiation présumée avec la trame ou le pilote
PHYS-O034,phys-o034,objectif officiel,"Agir, s’exprimer, comprendre à travers les activités physiques","Coopérer, s’opposer, respecter",À partir de 4 ans ou dès que les apprentissages précédents ont pu être observés,MS,P26,26,Jouer en coopérant.,Jouer en coopérant.,Objectif transcrit ; situations et exemples à lire dans le programme,2026.1,Création de l’identité ; aucune filiation présumée avec la trame ou le pilote
PHYS-O035,phys-o035,objectif officiel,"Agir, s’exprimer, comprendre à travers les activités physiques","Coopérer, s’opposer, respecter",À partir de 4 ans ou dès que les apprentissages précédents ont pu être observés,MS,P26,26,"Jouer en exerçant des rôles différents : attaquant, attaquante et défenseur, défenseuse.","Jouer en exerçant des rôles différents : attaquant, attaquante et défenseur, défenseuse.",Objectif transcrit ; situations et exemples à lire dans le programme,2026.1,Création de l’identité ; aucune filiation présumée avec la trame ou le pilote
PHYS-O036,phys-o036,objectif officiel,"Agir, s’exprimer, comprendre à travers les activités physiques","Coopérer, s’opposer, respecter",À partir de 4 ans ou dès que les apprentissages précédents ont pu être observés,MS,P26,26,Coopérer dans le respect des autres et des règles communes.,Coopérer dans le respect des autres et des règles communes.,Objectif transcrit ; situations et exemples à lire dans le programme,2026.1,Création de l’identité ; aucune filiation présumée avec la trame ou le pilote
PHYS-O037,phys-o037,objectif officiel,"Agir, s’exprimer, comprendre à travers les activités physiques","Coopérer, s’opposer, respecter",À partir de 5 ans ou dès que les apprentissages précédents ont pu être observés,GS,P26,26,Élaborer seul ou à plusieurs des stratégies pour gagner un jeu.,Élaborer seul ou à plusieurs des stratégies pour gagner un jeu.,Objectif transcrit ; situations et exemples à lire dans le programme,2026.1,Création de l’identité ; aucune filiation présumée avec la trame ou le pilote
PHYS-O038,phys-o038,objectif officiel,"Agir, s’exprimer, comprendre à travers les activités physiques","Coopérer, s’opposer, respecter",À partir de 5 ans ou dès que les apprentissages précédents ont pu être observés,GS,P26,26,"Jouer en exerçant des rôles différents : attaquant, attaquante, défenseur, défenseuse et arbitre.","Jouer en exerçant des rôles différents : attaquant, attaquante, défenseur, défenseuse et arbitre.",Objectif transcrit ; situations et exemples à lire dans le programme,2026.1,Création de l’identité ; aucune filiation présumée avec la trame ou le pilote
PHYS-O039,phys-o039,objectif officiel,"Agir, s’exprimer, comprendre à travers les activités physiques","Coopérer, s’opposer, respecter",À partir de 5 ans ou dès que les apprentissages précédents ont pu être observés,GS,P26,26,Éprouver le plaisir de coopérer et de s’opposer dans le respect des autres et des règles communes.,Éprouver le plaisir de coopérer et de s’opposer dans le respect des autres et des règles communes.,Objectif transcrit ; situations et exemples à lire dans le programme,2026.1,Création de l’identité ; aucune filiation présumée avec la trame ou le pilote
ARTS-O001,arts-o001,objectif officiel,"Agir, s’exprimer, comprendre à travers les activités artistiques",Dessiner,À aborder avant 4 ans,PS,P26,28,S’exercer au dessin pour développer son habileté motrice.,S’exercer au dessin pour développer son habileté motrice.,Objectif transcrit ; situations et exemples à lire dans le programme,2026.1,Création de l’identité ; aucune filiation présumée avec la trame ou le pilote
ARTS-O002,arts-o002,objectif officiel,"Agir, s’exprimer, comprendre à travers les activités artistiques",Dessiner,À aborder avant 4 ans,PS,P26,28,S’exercer progressivement au dessin avec une intention de représentation.,S’exercer progressivement au dessin avec une intention de représentation.,Objectif transcrit ; situations et exemples à lire dans le programme,2026.1,Création de l’identité ; aucune filiation présumée avec la trame ou le pilote
ARTS-O003,arts-o003,objectif officiel,"Agir, s’exprimer, comprendre à travers les activités artistiques",Dessiner,À partir de 4 ans ou dès que les apprentissages précédents ont pu être observés,MS,P26,28,"Expérimenter la diversité des outils, des supports, des matériaux et faire des choix.","Expérimenter la diversité des outils, des supports, des matériaux et faire des choix.",Objectif transcrit ; situations et exemples à lire dans le programme,2026.1,Création de l’identité ; aucune filiation présumée avec la trame ou le pilote
ARTS-O004,arts-o004,objectif officiel,"Agir, s’exprimer, comprendre à travers les activités artistiques",Dessiner,À partir de 4 ans ou dès que les apprentissages précédents ont pu être observés,MS,P26,28,S’exercer au dessin avec une intention de représentation.,S’exercer au dessin avec une intention de représentation.,Objectif transcrit ; situations et exemples à lire dans le programme,2026.1,Création de l’identité ; aucune filiation présumée avec la trame ou le pilote
ARTS-O005,arts-o005,objectif officiel,"Agir, s’exprimer, comprendre à travers les activités artistiques",Dessiner,À partir de 5 ans ou dès que les apprentissages précédents ont pu être observés,GS,P26,28,Dessiner pour représenter sur la base d’un modèle.,Dessiner pour représenter sur la base d’un modèle.,Objectif transcrit ; situations et exemples à lire dans le programme,2026.1,Création de l’identité ; aucune filiation présumée avec la trame ou le pilote
ARTS-O006,arts-o006,objectif officiel,"Agir, s’exprimer, comprendre à travers les activités artistiques",Dessiner,À partir de 5 ans ou dès que les apprentissages précédents ont pu être observés,GS,P26,28,Dessiner pour représenter un personnage ou un évènement fictif.,Dessiner pour représenter un personnage ou un évènement fictif.,Objectif transcrit ; situations et exemples à lire dans le programme,2026.1,Création de l’identité ; aucune filiation présumée avec la trame ou le pilote
ARTS-O007,arts-o007,objectif officiel,"Agir, s’exprimer, comprendre à travers les activités artistiques",Dessiner,À partir de 5 ans ou dès que les apprentissages précédents ont pu être observés,GS,P26,28,Participer à la réalisation d’une œuvre collective à partir d’une consigne ou d’un problème à résoudre.,Participer à la réalisation d’une œuvre collective à partir d’une consigne ou d’un problème à résoudre.,Objectif transcrit ; situations et exemples à lire dans le programme,2026.1,Création de l’identité ; aucune filiation présumée avec la trame ou le pilote
ARTS-O008,arts-o008,objectif officiel,"Agir, s’exprimer, comprendre à travers les activités artistiques",Dessiner,À partir de 5 ans ou dès que les apprentissages précédents ont pu être observés,GS,P26,28,Utiliser le vocabulaire spécifique au dessin.,Utiliser le vocabulaire spécifique au dessin.,Objectif transcrit ; situations et exemples à lire dans le programme,2026.1,Création de l’identité ; aucune filiation présumée avec la trame ou le pilote
ARTS-O009,arts-o009,objectif officiel,"Agir, s’exprimer, comprendre à travers les activités artistiques",S’exercer au graphisme artistique,À aborder avant 4 ans,PS,P26,29,Explorer des gestes et commencer à les associer à des types de tracés précis.,Explorer des gestes et commencer à les associer à des types de tracés précis.,Objectif transcrit ; situations et exemples à lire dans le programme,2026.1,Création de l’identité ; aucune filiation présumée avec la trame ou le pilote
ARTS-O010,arts-o010,objectif officiel,"Agir, s’exprimer, comprendre à travers les activités artistiques",S’exercer au graphisme artistique,À aborder avant 4 ans,PS,P26,29,Repérer des motifs graphiques issus de son environnement proche.,Repérer des motifs graphiques issus de son environnement proche.,Objectif transcrit ; situations et exemples à lire dans le programme,2026.1,Création de l’identité ; aucune filiation présumée avec la trame ou le pilote
ARTS-O011,arts-o011,objectif officiel,"Agir, s’exprimer, comprendre à travers les activités artistiques",S’exercer au graphisme artistique,À aborder avant 4 ans,PS,P26,29,Découvrir des expressions graphiques dans des œuvres d’art.,Découvrir des expressions graphiques dans des œuvres d’art.,Objectif transcrit ; situations et exemples à lire dans le programme,2026.1,Création de l’identité ; aucune filiation présumée avec la trame ou le pilote
ARTS-O012,arts-o012,objectif officiel,"Agir, s’exprimer, comprendre à travers les activités artistiques",S’exercer au graphisme artistique,À partir de 4 ans ou dès que les apprentissages précédents ont pu être observés,MS,P26,29,Exercer et développer sa motricité fine.,Exercer et développer sa motricité fine.,Objectif transcrit ; situations et exemples à lire dans le programme,2026.1,Création de l’identité ; aucune filiation présumée avec la trame ou le pilote
ARTS-O013,arts-o013,objectif officiel,"Agir, s’exprimer, comprendre à travers les activités artistiques",S’exercer au graphisme artistique,À partir de 4 ans ou dès que les apprentissages précédents ont pu être observés,MS,P26,29,Repérer des motifs graphiques issus de son environnement.,Repérer des motifs graphiques issus de son environnement.,Objectif transcrit ; situations et exemples à lire dans le programme,2026.1,Création de l’identité ; aucune filiation présumée avec la trame ou le pilote
ARTS-O014,arts-o014,objectif officiel,"Agir, s’exprimer, comprendre à travers les activités artistiques",S’exercer au graphisme artistique,À partir de 4 ans ou dès que les apprentissages précédents ont pu être observés,MS,P26,29,Reproduire et créer des motifs de plus en plus élaborés.,Reproduire et créer des motifs de plus en plus élaborés.,Objectif transcrit ; situations et exemples à lire dans le programme,2026.1,Création de l’identité ; aucune filiation présumée avec la trame ou le pilote
ARTS-O015,arts-o015,objectif officiel,"Agir, s’exprimer, comprendre à travers les activités artistiques",S’exercer au graphisme artistique,À partir de 5 ans ou dès que les apprentissages précédents ont pu être observés,GS,P26,29,Transformer ou détourner des motifs du répertoire de la classe pour observer les effets produits.,Transformer ou détourner des motifs du répertoire de la classe pour observer les effets produits.,Objectif transcrit ; situations et exemples à lire dans le programme,2026.1,Création de l’identité ; aucune filiation présumée avec la trame ou le pilote
ARTS-O016,arts-o016,objectif officiel,"Agir, s’exprimer, comprendre à travers les activités artistiques",S’exercer au graphisme artistique,À partir de 5 ans ou dès que les apprentissages précédents ont pu être observés,GS,P26,29,Créer de nouveaux motifs.,Créer de nouveaux motifs.,Objectif transcrit ; situations et exemples à lire dans le programme,2026.1,Création de l’identité ; aucune filiation présumée avec la trame ou le pilote
ARTS-O017,arts-o017,objectif officiel,"Agir, s’exprimer, comprendre à travers les activités artistiques",S’exercer au graphisme artistique,À partir de 5 ans ou dès que les apprentissages précédents ont pu être observés,GS,P26,29,Réaliser une composition à partir de plusieurs contraintes.,Réaliser une composition à partir de plusieurs contraintes.,Objectif transcrit ; situations et exemples à lire dans le programme,2026.1,Création de l’identité ; aucune filiation présumée avec la trame ou le pilote
ARTS-O018,arts-o018,objectif officiel,"Agir, s’exprimer, comprendre à travers les activités artistiques",Réaliser des compositions planes ou en volume,À aborder avant 4 ans,PS,P26,30,Explorer l’usage des outils et observer leurs effets sur le geste.,Explorer l’usage des outils et observer leurs effets sur le geste.,Objectif transcrit ; situations et exemples à lire dans le programme,2026.1,Création de l’identité ; aucune filiation présumée avec la trame ou le pilote
ARTS-O019,arts-o019,objectif officiel,"Agir, s’exprimer, comprendre à travers les activités artistiques",Réaliser des compositions planes ou en volume,À aborder avant 4 ans,PS,P26,30,"Utiliser différents médiums et observer leurs effets sur les couleurs, les formes et les volumes.","Utiliser différents médiums et observer leurs effets sur les couleurs, les formes et les volumes.",Objectif transcrit ; situations et exemples à lire dans le programme,2026.1,Création de l’identité ; aucune filiation présumée avec la trame ou le pilote
ARTS-O020,arts-o020,objectif officiel,"Agir, s’exprimer, comprendre à travers les activités artistiques",Réaliser des compositions planes ou en volume,À aborder avant 4 ans,PS,P26,30,Expérimenter la résistance de certains matériaux.,Expérimenter la résistance de certains matériaux.,Objectif transcrit ; situations et exemples à lire dans le programme,2026.1,Création de l’identité ; aucune filiation présumée avec la trame ou le pilote
ARTS-O021,arts-o021,objectif officiel,"Agir, s’exprimer, comprendre à travers les activités artistiques",Réaliser des compositions planes ou en volume,À aborder avant 4 ans,PS,P26,30,Réaliser individuellement ou collectivement une production plastique en volume.,Réaliser individuellement ou collectivement une production plastique en volume.,Objectif transcrit ; situations et exemples à lire dans le programme,2026.1,Création de l’identité ; aucune filiation présumée avec la trame ou le pilote
ARTS-O022,arts-o022,objectif officiel,"Agir, s’exprimer, comprendre à travers les activités artistiques",Réaliser des compositions planes ou en volume,À partir de 4 ans ou dès que les apprentissages précédents ont pu être observés,MS,P26,30,"S’approprier les constituants plastiques (couleurs, formes, matières, rythmes, etc.).","S’approprier les constituants plastiques (couleurs, formes, matières, rythmes, etc.).",Objectif transcrit ; situations et exemples à lire dans le programme,2026.1,Création de l’identité ; aucune filiation présumée avec la trame ou le pilote
ARTS-O023,arts-o023,objectif officiel,"Agir, s’exprimer, comprendre à travers les activités artistiques",Réaliser des compositions planes ou en volume,À partir de 4 ans ou dès que les apprentissages précédents ont pu être observés,MS,P26,30,Réaliser une composition en deux ou trois dimensions en fonction d’un projet individuel ou collectif.,Réaliser une composition en deux ou trois dimensions en fonction d’un projet individuel ou collectif.,Objectif transcrit ; situations et exemples à lire dans le programme,2026.1,Création de l’identité ; aucune filiation présumée avec la trame ou le pilote
ARTS-O024,arts-o024,objectif officiel,"Agir, s’exprimer, comprendre à travers les activités artistiques",Réaliser des compositions planes ou en volume,À partir de 4 ans ou dès que les apprentissages précédents ont pu être observés,MS,P26,30,Découvrir différentes formes d’expression artistique.,Découvrir différentes formes d’expression artistique.,Objectif transcrit ; situations et exemples à lire dans le programme,2026.1,Création de l’identité ; aucune filiation présumée avec la trame ou le pilote
ARTS-O025,arts-o025,objectif officiel,"Agir, s’exprimer, comprendre à travers les activités artistiques",Réaliser des compositions planes ou en volume,À partir de 5 ans ou dès que les apprentissages précédents ont pu être observés,GS,P26,30,"Réaliser des compositions plastiques, seul ou en petit groupe, en choisissant et combinant des matériaux et en réinvestissant des techniques et des procédés.","Réaliser des compositions plastiques, seul ou en petit groupe, en choisissant et combinant des matériaux et en réinvestissant des techniques et des procédés.",Objectif transcrit ; situations et exemples à lire dans le programme,2026.1,Création de l’identité ; aucune filiation présumée avec la trame ou le pilote
ARTS-O026,arts-o026,objectif officiel,"Agir, s’exprimer, comprendre à travers les activités artistiques",Réaliser des compositions planes ou en volume,À partir de 5 ans ou dès que les apprentissages précédents ont pu être observés,GS,P26,30,Se familiariser avec différentes formes d’expression artistique.,Se familiariser avec différentes formes d’expression artistique.,Objectif transcrit ; situations et exemples à lire dans le programme,2026.1,Création de l’identité ; aucune filiation présumée avec la trame ou le pilote
ARTS-O027,arts-o027,objectif officiel,"Agir, s’exprimer, comprendre à travers les activités artistiques","Observer, comprendre et transformer des images",À aborder avant 4 ans,PS,P26,31,Apprendre à regarder avec attention et à identifier des éléments visuels.,Apprendre à regarder avec attention et à identifier des éléments visuels.,Objectif transcrit ; situations et exemples à lire dans le programme,2026.1,Création de l’identité ; aucune filiation présumée avec la trame ou le pilote
ARTS-O028,arts-o028,objectif officiel,"Agir, s’exprimer, comprendre à travers les activités artistiques","Observer, comprendre et transformer des images",À aborder avant 4 ans,PS,P26,31,Découvrir quelques éléments constitutifs d’une illustration.,Découvrir quelques éléments constitutifs d’une illustration.,Objectif transcrit ; situations et exemples à lire dans le programme,2026.1,Création de l’identité ; aucune filiation présumée avec la trame ou le pilote
ARTS-O029,arts-o029,objectif officiel,"Agir, s’exprimer, comprendre à travers les activités artistiques","Observer, comprendre et transformer des images",À partir de 4 ans ou dès que les apprentissages précédents ont pu être observés,MS,P26,31,Différencier une image fixe d’une image animée.,Différencier une image fixe d’une image animée.,Objectif transcrit ; situations et exemples à lire dans le programme,2026.1,Création de l’identité ; aucune filiation présumée avec la trame ou le pilote
ARTS-O030,arts-o030,objectif officiel,"Agir, s’exprimer, comprendre à travers les activités artistiques","Observer, comprendre et transformer des images",À partir de 4 ans ou dès que les apprentissages précédents ont pu être observés,MS,P26,31,Fabriquer des images à partir d’images existantes.,Fabriquer des images à partir d’images existantes.,Objectif transcrit ; situations et exemples à lire dans le programme,2026.1,Création de l’identité ; aucune filiation présumée avec la trame ou le pilote
ARTS-O031,arts-o031,objectif officiel,"Agir, s’exprimer, comprendre à travers les activités artistiques","Observer, comprendre et transformer des images",À partir de 4 ans ou dès que les apprentissages précédents ont pu être observés,MS,P26,31,Identifier et nommer des éléments graphiques d’une illustration.,Identifier et nommer des éléments graphiques d’une illustration.,Objectif transcrit ; situations et exemples à lire dans le programme,2026.1,Création de l’identité ; aucune filiation présumée avec la trame ou le pilote
ARTS-O032,arts-o032,objectif officiel,"Agir, s’exprimer, comprendre à travers les activités artistiques","Observer, comprendre et transformer des images",À partir de 5 ans ou dès que les apprentissages précédents ont pu être observés,GS,P26,31,"Différencier des types d’images (portrait, paysage, nature morte, etc.).","Différencier des types d’images (portrait, paysage, nature morte, etc.).",Objectif transcrit ; situations et exemples à lire dans le programme,2026.1,Création de l’identité ; aucune filiation présumée avec la trame ou le pilote
ARTS-O033,arts-o033,objectif officiel,"Agir, s’exprimer, comprendre à travers les activités artistiques","Observer, comprendre et transformer des images",À partir de 5 ans ou dès que les apprentissages précédents ont pu être observés,GS,P26,31,Identifier et nommer des éléments esthétiques d’une illustration.,Identifier et nommer des éléments esthétiques d’une illustration.,Objectif transcrit ; situations et exemples à lire dans le programme,2026.1,Création de l’identité ; aucune filiation présumée avec la trame ou le pilote
ARTS-O034,arts-o034,objectif officiel,"Agir, s’exprimer, comprendre à travers les activités artistiques",Jouer avec sa voix et acquérir un répertoire de comptines et de chansons,À aborder avant 4 ans,PS,P26,32,Dépasser les usages courants de la voix.,Dépasser les usages courants de la voix.,Objectif transcrit ; situations et exemples à lire dans le programme,2026.1,Création de l’identité ; aucune filiation présumée avec la trame ou le pilote
ARTS-O035,arts-o035,objectif officiel,"Agir, s’exprimer, comprendre à travers les activités artistiques",Jouer avec sa voix et acquérir un répertoire de comptines et de chansons,À aborder avant 4 ans,PS,P26,32,Chanter en se faisant comprendre des autres.,Chanter en se faisant comprendre des autres.,Objectif transcrit ; situations et exemples à lire dans le programme,2026.1,Création de l’identité ; aucune filiation présumée avec la trame ou le pilote
ARTS-O036,arts-o036,objectif officiel,"Agir, s’exprimer, comprendre à travers les activités artistiques",Jouer avec sa voix et acquérir un répertoire de comptines et de chansons,À aborder avant 4 ans,PS,P26,32,Dire ou chanter au moins cinq comptines.,Dire ou chanter au moins cinq comptines.,Objectif transcrit ; situations et exemples à lire dans le programme,2026.1,Création de l’identité ; aucune filiation présumée avec la trame ou le pilote
ARTS-O037,arts-o037,objectif officiel,"Agir, s’exprimer, comprendre à travers les activités artistiques",Jouer avec sa voix et acquérir un répertoire de comptines et de chansons,À partir de 4 ans ou dès que les apprentissages précédents ont pu être observés,MS,P26,32,Découvrir et explorer la richesse de sa voix.,Découvrir et explorer la richesse de sa voix.,Objectif transcrit ; situations et exemples à lire dans le programme,2026.1,Création de l’identité ; aucune filiation présumée avec la trame ou le pilote
ARTS-O038,arts-o038,objectif officiel,"Agir, s’exprimer, comprendre à travers les activités artistiques",Jouer avec sa voix et acquérir un répertoire de comptines et de chansons,À partir de 4 ans ou dès que les apprentissages précédents ont pu être observés,MS,P26,32,Chanter en exprimant une émotion.,Chanter en exprimant une émotion.,Objectif transcrit ; situations et exemples à lire dans le programme,2026.1,Création de l’identité ; aucune filiation présumée avec la trame ou le pilote
ARTS-O039,arts-o039,objectif officiel,"Agir, s’exprimer, comprendre à travers les activités artistiques",Jouer avec sa voix et acquérir un répertoire de comptines et de chansons,À partir de 4 ans ou dès que les apprentissages précédents ont pu être observés,MS,P26,32,"Dire ou chanter au moins huit comptines ou chants, en réinvestissant les comptines apprises l’année précédente.","Dire ou chanter au moins huit comptines ou chants, en réinvestissant les comptines apprises l’année précédente.",Objectif transcrit ; situations et exemples à lire dans le programme,2026.1,Création de l’identité ; aucune filiation présumée avec la trame ou le pilote
ARTS-O040,arts-o040,objectif officiel,"Agir, s’exprimer, comprendre à travers les activités artistiques",Jouer avec sa voix et acquérir un répertoire de comptines et de chansons,À partir de 5 ans ou dès que les apprentissages précédents ont pu être observés,GS,P26,32,Développer et affirmer son inventivité avec sa voix.,Développer et affirmer son inventivité avec sa voix.,Objectif transcrit ; situations et exemples à lire dans le programme,2026.1,Création de l’identité ; aucune filiation présumée avec la trame ou le pilote
ARTS-O041,arts-o041,objectif officiel,"Agir, s’exprimer, comprendre à travers les activités artistiques",Jouer avec sa voix et acquérir un répertoire de comptines et de chansons,À partir de 5 ans ou dès que les apprentissages précédents ont pu être observés,GS,P26,32,Trouver sa place dans un collectif chantant.,Trouver sa place dans un collectif chantant.,Objectif transcrit ; situations et exemples à lire dans le programme,2026.1,Création de l’identité ; aucune filiation présumée avec la trame ou le pilote
ARTS-O042,arts-o042,objectif officiel,"Agir, s’exprimer, comprendre à travers les activités artistiques",Jouer avec sa voix et acquérir un répertoire de comptines et de chansons,À partir de 5 ans ou dès que les apprentissages précédents ont pu être observés,GS,P26,32,"Dire ou chanter au moins dix comptines ou chants, en réinvestissant ceux appris les années antérieures.","Dire ou chanter au moins dix comptines ou chants, en réinvestissant ceux appris les années antérieures.",Objectif transcrit ; situations et exemples à lire dans le programme,2026.1,Création de l’identité ; aucune filiation présumée avec la trame ou le pilote
ARTS-O043,arts-o043,objectif officiel,"Agir, s’exprimer, comprendre à travers les activités artistiques","Explorer des instruments, utiliser les sonorités du corps",À aborder avant 4 ans,PS,P26,32,"Explorer les possibilités sonores de son corps, d’objets et d’instruments.","Explorer les possibilités sonores de son corps, d’objets et d’instruments.",Objectif transcrit ; situations et exemples à lire dans le programme,2026.1,Création de l’identité ; aucune filiation présumée avec la trame ou le pilote
ARTS-O044,arts-o044,objectif officiel,"Agir, s’exprimer, comprendre à travers les activités artistiques","Explorer des instruments, utiliser les sonorités du corps",À aborder avant 4 ans,PS,P26,32,"Découvrir les possibilités expressives de son corps, d’objets et d’instruments.","Découvrir les possibilités expressives de son corps, d’objets et d’instruments.",Objectif transcrit ; situations et exemples à lire dans le programme,2026.1,Création de l’identité ; aucune filiation présumée avec la trame ou le pilote
ARTS-O045,arts-o045,objectif officiel,"Agir, s’exprimer, comprendre à travers les activités artistiques","Explorer des instruments, utiliser les sonorités du corps",À aborder avant 4 ans,PS,P26,33,"Observer et commenter ce que font les camarades de classe pour produire des sons avec leur corps, des objets et des instruments.","Observer et commenter ce que font les camarades de classe pour produire des sons avec leur corps, des objets et des instruments.",Objectif transcrit ; situations et exemples à lire dans le programme,2026.1,Création de l’identité ; aucune filiation présumée avec la trame ou le pilote
ARTS-O046,arts-o046,objectif officiel,"Agir, s’exprimer, comprendre à travers les activités artistiques","Explorer des instruments, utiliser les sonorités du corps",À partir de 4 ans ou dès que les apprentissages précédents ont pu être observés,MS,P26,33,"Produire des sons à partir de son corps, d’objets et d’instruments.","Produire des sons à partir de son corps, d’objets et d’instruments.",Objectif transcrit ; situations et exemples à lire dans le programme,2026.1,Création de l’identité ; aucune filiation présumée avec la trame ou le pilote
ARTS-O047,arts-o047,objectif officiel,"Agir, s’exprimer, comprendre à travers les activités artistiques","Explorer des instruments, utiliser les sonorités du corps",À partir de 4 ans ou dès que les apprentissages précédents ont pu être observés,MS,P26,33,Adapter son geste pour produire un son en fonction d’une consigne.,Adapter son geste pour produire un son en fonction d’une consigne.,Objectif transcrit ; situations et exemples à lire dans le programme,2026.1,Création de l’identité ; aucune filiation présumée avec la trame ou le pilote
ARTS-O048,arts-o048,objectif officiel,"Agir, s’exprimer, comprendre à travers les activités artistiques","Explorer des instruments, utiliser les sonorités du corps",À partir de 4 ans ou dès que les apprentissages précédents ont pu être observés,MS,P26,33,Reproduire un rythme simple collectivement.,Reproduire un rythme simple collectivement.,Objectif transcrit ; situations et exemples à lire dans le programme,2026.1,Création de l’identité ; aucune filiation présumée avec la trame ou le pilote
ARTS-O049,arts-o049,objectif officiel,"Agir, s’exprimer, comprendre à travers les activités artistiques","Explorer des instruments, utiliser les sonorités du corps",À partir de 5 ans ou dès que les apprentissages précédents ont pu être observés,GS,P26,33,Explorer le lien entre le son et le geste.,Explorer le lien entre le son et le geste.,Objectif transcrit ; situations et exemples à lire dans le programme,2026.1,Création de l’identité ; aucune filiation présumée avec la trame ou le pilote
ARTS-O050,arts-o050,objectif officiel,"Agir, s’exprimer, comprendre à travers les activités artistiques","Explorer des instruments, utiliser les sonorités du corps",À partir de 5 ans ou dès que les apprentissages précédents ont pu être observés,GS,P26,33,"Créer un paysage sonore en répondant à une consigne simple avec son corps, des objets ou des instruments.","Créer un paysage sonore en répondant à une consigne simple avec son corps, des objets ou des instruments.",Objectif transcrit ; situations et exemples à lire dans le programme,2026.1,Création de l’identité ; aucune filiation présumée avec la trame ou le pilote
ARTS-O051,arts-o051,objectif officiel,"Agir, s’exprimer, comprendre à travers les activités artistiques","Explorer des instruments, utiliser les sonorités du corps",À partir de 5 ans ou dès que les apprentissages précédents ont pu être observés,GS,P26,33,Créer collectivement une production musicale.,Créer collectivement une production musicale.,Objectif transcrit ; situations et exemples à lire dans le programme,2026.1,Création de l’identité ; aucune filiation présumée avec la trame ou le pilote
ARTS-O052,arts-o052,objectif officiel,"Agir, s’exprimer, comprendre à travers les activités artistiques",Affiner son écoute,À aborder avant 4 ans,PS,P26,33,Traduire la musique entendue en mouvements.,Traduire la musique entendue en mouvements.,Objectif transcrit ; situations et exemples à lire dans le programme,2026.1,Création de l’identité ; aucune filiation présumée avec la trame ou le pilote
ARTS-O053,arts-o053,objectif officiel,"Agir, s’exprimer, comprendre à travers les activités artistiques",Affiner son écoute,À aborder avant 4 ans,PS,P26,33,Développer une posture d’écoute.,Développer une posture d’écoute.,Objectif transcrit ; situations et exemples à lire dans le programme,2026.1,Création de l’identité ; aucune filiation présumée avec la trame ou le pilote
ARTS-O054,arts-o054,objectif officiel,"Agir, s’exprimer, comprendre à travers les activités artistiques",Affiner son écoute,À partir de 4 ans ou dès que les apprentissages précédents ont pu être observés,MS,P26,33,Traduire la musique entendue en mouvements et en mots.,Traduire la musique entendue en mouvements et en mots.,Objectif transcrit ; situations et exemples à lire dans le programme,2026.1,Création de l’identité ; aucune filiation présumée avec la trame ou le pilote
ARTS-O055,arts-o055,objectif officiel,"Agir, s’exprimer, comprendre à travers les activités artistiques",Affiner son écoute,À partir de 4 ans ou dès que les apprentissages précédents ont pu être observés,MS,P26,33,Exprimer ses émotions après l’écoute d’un extrait musical.,Exprimer ses émotions après l’écoute d’un extrait musical.,Objectif transcrit ; situations et exemples à lire dans le programme,2026.1,Création de l’identité ; aucune filiation présumée avec la trame ou le pilote
ARTS-O056,arts-o056,objectif officiel,"Agir, s’exprimer, comprendre à travers les activités artistiques",Affiner son écoute,À partir de 4 ans ou dès que les apprentissages précédents ont pu être observés,MS,P26,33,Découvrir au moins deux œuvres musicales patrimoniales.,Découvrir au moins deux œuvres musicales patrimoniales.,Objectif transcrit ; situations et exemples à lire dans le programme,2026.1,Création de l’identité ; aucune filiation présumée avec la trame ou le pilote
ARTS-O057,arts-o057,objectif officiel,"Agir, s’exprimer, comprendre à travers les activités artistiques",Affiner son écoute,À partir de 5 ans ou dès que les apprentissages précédents ont pu être observés,GS,P26,34,Traduire la musique entendue en dessin.,Traduire la musique entendue en dessin.,Objectif transcrit ; situations et exemples à lire dans le programme,2026.1,Création de l’identité ; aucune filiation présumée avec la trame ou le pilote
ARTS-O058,arts-o058,objectif officiel,"Agir, s’exprimer, comprendre à travers les activités artistiques",Affiner son écoute,À partir de 5 ans ou dès que les apprentissages précédents ont pu être observés,GS,P26,34,Écouter une œuvre musicale patrimoniale pour repérer des éléments musicaux significatifs.,Écouter une œuvre musicale patrimoniale pour repérer des éléments musicaux significatifs.,Objectif transcrit ; situations et exemples à lire dans le programme,2026.1,Création de l’identité ; aucune filiation présumée avec la trame ou le pilote
ARTS-O059,arts-o059,objectif officiel,"Agir, s’exprimer, comprendre à travers les activités artistiques",Affiner son écoute,À partir de 5 ans ou dès que les apprentissages précédents ont pu être observés,GS,P26,34,Connaitre au moins trois œuvres musicales patrimoniales.,Connaitre au moins trois œuvres musicales patrimoniales.,Objectif transcrit ; situations et exemples à lire dans le programme,2026.1,Création de l’identité ; aucune filiation présumée avec la trame ou le pilote
ARTS-O060,arts-o060,objectif officiel,"Agir, s’exprimer, comprendre à travers les activités artistiques",Pratiquer,À aborder avant 4 ans,PS,P26,34,Découvrir différentes façons d’exprimer ses émotions par le corps.,Découvrir différentes façons d’exprimer ses émotions par le corps.,Objectif transcrit ; situations et exemples à lire dans le programme,2026.1,Création de l’identité ; aucune filiation présumée avec la trame ou le pilote
ARTS-O061,arts-o061,objectif officiel,"Agir, s’exprimer, comprendre à travers les activités artistiques",Pratiquer,À aborder avant 4 ans,PS,P26,34,Découvrir des rôles simples.,Découvrir des rôles simples.,Objectif transcrit ; situations et exemples à lire dans le programme,2026.1,Création de l’identité ; aucune filiation présumée avec la trame ou le pilote
ARTS-O062,arts-o062,objectif officiel,"Agir, s’exprimer, comprendre à travers les activités artistiques",Pratiquer,À aborder avant 4 ans,PS,P26,34,Découvrir le jeu dans une mise en scène collective.,Découvrir le jeu dans une mise en scène collective.,Objectif transcrit ; situations et exemples à lire dans le programme,2026.1,Création de l’identité ; aucune filiation présumée avec la trame ou le pilote
ARTS-O063,arts-o063,objectif officiel,"Agir, s’exprimer, comprendre à travers les activités artistiques",Pratiquer,À partir de 4 ans ou dès que les apprentissages précédents ont pu être observés,MS,P26,34,Se familiariser avec l’expression des émotions par le corps et la voix.,Se familiariser avec l’expression des émotions par le corps et la voix.,Objectif transcrit ; situations et exemples à lire dans le programme,2026.1,Création de l’identité ; aucune filiation présumée avec la trame ou le pilote
ARTS-O064,arts-o064,objectif officiel,"Agir, s’exprimer, comprendre à travers les activités artistiques",Pratiquer,À partir de 4 ans ou dès que les apprentissages précédents ont pu être observés,MS,P26,34,Se familiariser avec des rôles simples.,Se familiariser avec des rôles simples.,Objectif transcrit ; situations et exemples à lire dans le programme,2026.1,Création de l’identité ; aucune filiation présumée avec la trame ou le pilote
ARTS-O065,arts-o065,objectif officiel,"Agir, s’exprimer, comprendre à travers les activités artistiques",Pratiquer,À partir de 4 ans ou dès que les apprentissages précédents ont pu être observés,MS,P26,34,Se familiariser avec le jeu dans une mise en scène collective.,Se familiariser avec le jeu dans une mise en scène collective.,Objectif transcrit ; situations et exemples à lire dans le programme,2026.1,Création de l’identité ; aucune filiation présumée avec la trame ou le pilote
ARTS-O066,arts-o066,objectif officiel,"Agir, s’exprimer, comprendre à travers les activités artistiques",Pratiquer,À partir de 5 ans ou dès que les apprentissages précédents ont pu être observés,GS,P26,35,Explorer des enchainements d’émotions par le corps et la voix.,Explorer des enchainements d’émotions par le corps et la voix.,Objectif transcrit ; situations et exemples à lire dans le programme,2026.1,Création de l’identité ; aucune filiation présumée avec la trame ou le pilote
ARTS-O067,arts-o067,objectif officiel,"Agir, s’exprimer, comprendre à travers les activités artistiques",Pratiquer,À partir de 5 ans ou dès que les apprentissages précédents ont pu être observés,GS,P26,35,Explorer des rôles simples.,Explorer des rôles simples.,Objectif transcrit ; situations et exemples à lire dans le programme,2026.1,Création de l’identité ; aucune filiation présumée avec la trame ou le pilote
ARTS-O068,arts-o068,objectif officiel,"Agir, s’exprimer, comprendre à travers les activités artistiques",Pratiquer,À partir de 5 ans ou dès que les apprentissages précédents ont pu être observés,GS,P26,35,Explorer le jeu dans une mise en scène collective.,Explorer le jeu dans une mise en scène collective.,Objectif transcrit ; situations et exemples à lire dans le programme,2026.1,Création de l’identité ; aucune filiation présumée avec la trame ou le pilote
ARTS-O069,arts-o069,objectif officiel,"Agir, s’exprimer, comprendre à travers les activités artistiques",Fréquenter et devenir spectateur et spectatrice,À aborder avant 4 ans,PS,P26,35,Découvrir des œuvres adaptées.,Découvrir des œuvres adaptées.,Objectif transcrit ; situations et exemples à lire dans le programme,2026.1,Création de l’identité ; aucune filiation présumée avec la trame ou le pilote
ARTS-O070,arts-o070,objectif officiel,"Agir, s’exprimer, comprendre à travers les activités artistiques",Fréquenter et devenir spectateur et spectatrice,À aborder avant 4 ans,PS,P26,35,Découvrir l’espace scénique.,Découvrir l’espace scénique.,Objectif transcrit ; situations et exemples à lire dans le programme,2026.1,Création de l’identité ; aucune filiation présumée avec la trame ou le pilote
ARTS-O071,arts-o071,objectif officiel,"Agir, s’exprimer, comprendre à travers les activités artistiques",Fréquenter et devenir spectateur et spectatrice,À partir de 4 ans ou dès que les apprentissages précédents ont pu être observés,MS,P26,35,Se familiariser avec l’espace scénique.,Se familiariser avec l’espace scénique.,Objectif transcrit ; situations et exemples à lire dans le programme,2026.1,Création de l’identité ; aucune filiation présumée avec la trame ou le pilote
ARTS-O072,arts-o072,objectif officiel,"Agir, s’exprimer, comprendre à travers les activités artistiques",Fréquenter et devenir spectateur et spectatrice,À partir de 4 ans ou dès que les apprentissages précédents ont pu être observés,MS,P26,35,Se familiariser avec des œuvres adaptées.,Se familiariser avec des œuvres adaptées.,Objectif transcrit ; situations et exemples à lire dans le programme,2026.1,Création de l’identité ; aucune filiation présumée avec la trame ou le pilote
ARTS-O073,arts-o073,objectif officiel,"Agir, s’exprimer, comprendre à travers les activités artistiques",Fréquenter et devenir spectateur et spectatrice,À partir de 4 ans ou dès que les apprentissages précédents ont pu être observés,MS,P26,35,Rencontrer des artistes.,Rencontrer des artistes.,Objectif transcrit ; situations et exemples à lire dans le programme,2026.1,Création de l’identité ; aucune filiation présumée avec la trame ou le pilote
ARTS-O074,arts-o074,objectif officiel,"Agir, s’exprimer, comprendre à travers les activités artistiques",Fréquenter et devenir spectateur et spectatrice,À partir de 5 ans ou dès que les apprentissages précédents ont pu être observés,GS,P26,35,Explorer l’espace scénique.,Explorer l’espace scénique.,Objectif transcrit ; situations et exemples à lire dans le programme,2026.1,Création de l’identité ; aucune filiation présumée avec la trame ou le pilote
ARTS-O075,arts-o075,objectif officiel,"Agir, s’exprimer, comprendre à travers les activités artistiques",Fréquenter et devenir spectateur et spectatrice,À partir de 5 ans ou dès que les apprentissages précédents ont pu être observés,GS,P26,35,Explorer des œuvres adaptées.,Explorer des œuvres adaptées.,Objectif transcrit ; situations et exemples à lire dans le programme,2026.1,Création de l’identité ; aucune filiation présumée avec la trame ou le pilote
ARTS-O076,arts-o076,objectif officiel,"Agir, s’exprimer, comprendre à travers les activités artistiques",Fréquenter et devenir spectateur et spectatrice,À partir de 5 ans ou dès que les apprentissages précédents ont pu être observés,GS,P26,35,Rencontrer des artistes et des professionnels.,Rencontrer des artistes et des professionnels.,Objectif transcrit ; situations et exemples à lire dans le programme,2026.1,Création de l’identité ; aucune filiation présumée avec la trame ou le pilote
MATH-O001,math-o001,objectif officiel,L’acquisition des premiers outils mathématiques,Exprimer une quantité par un nombre,À aborder avant 4 ans,PS,P26,38,Comprendre qu’une quantité d’objets ne dépend ni de la nature de ces objets ni de leur organisation spatiale.,Comprendre qu’une quantité d’objets ne dépend ni de la nature de ces objets ni de leur organisation spatiale.,Objectif transcrit ; situations et exemples à lire dans le programme,2026.1,Création de l’identité ; aucune filiation présumée avec la trame ou le pilote
MATH-O002,math-o002,objectif officiel,L’acquisition des premiers outils mathématiques,Exprimer une quantité par un nombre,À aborder avant 4 ans,PS,P26,38,"Comprendre que : • si on ajoute un objet à une collection, le nombre qui désigne sa quantité est le suivant dans la suite orale des noms des nombres ; • dans la suite orale des noms des nombres, chaque nombre s’obtient en ajoutant un au nombre précédent.","Comprendre que : • si on ajoute un objet à une collection, le nombre qui désigne sa quantité est le suivant dans la suite orale des noms des nombres ; • dans la suite orale des noms des nombres, chaque nombre s’obtient en ajoutant un au nombre précédent.",Objectif transcrit ; situations et exemples à lire dans le programme,2026.1,Création de l’identité ; aucune filiation présumée avec la trame ou le pilote
MATH-O003,o-denombrer-jusqua3voire4,objectif officiel,L’acquisition des premiers outils mathématiques,Exprimer une quantité par un nombre,À aborder avant 4 ans,PS,P26,38,"Dénombrer une collection d’objets (jusqu’à trois, voire quatre).","Dénombrer une collection d’objets (jusqu’à trois, voire quatre).",Objectif transcrit ; situations et exemples à lire dans le programme,2026.1,Création de l’identité ; aucune filiation présumée avec la trame ou le pilote
MATH-O004,math-o004,objectif officiel,L’acquisition des premiers outils mathématiques,Exprimer une quantité par un nombre,À aborder avant 4 ans,PS,P26,38,"Constituer une collection (jusqu’à trois, voire quatre objets) d’un cardinal donné.","Constituer une collection (jusqu’à trois, voire quatre objets) d’un cardinal donné.",Objectif transcrit ; situations et exemples à lire dans le programme,2026.1,Création de l’identité ; aucune filiation présumée avec la trame ou le pilote
MATH-O005,math-o005,objectif officiel,L’acquisition des premiers outils mathématiques,Exprimer une quantité par un nombre,À aborder avant 4 ans,PS,P26,39,Comparer des quantités.,Comparer des quantités.,Objectif transcrit ; situations et exemples à lire dans le programme,2026.1,Création de l’identité ; aucune filiation présumée avec la trame ou le pilote
MATH-O006,math-o006,objectif officiel,L’acquisition des premiers outils mathématiques,Exprimer une quantité par un nombre,À aborder avant 4 ans,PS,P26,39,"Composer et décomposer des nombres (deux, trois, voire quatre).","Composer et décomposer des nombres (deux, trois, voire quatre).",Objectif transcrit ; situations et exemples à lire dans le programme,2026.1,Création de l’identité ; aucune filiation présumée avec la trame ou le pilote
MATH-O007,math-o007,objectif officiel,L’acquisition des premiers outils mathématiques,Exprimer une quantité par un nombre,À aborder avant 4 ans,PS,P26,39,"Manipuler et verbaliser des compositions et des décompositions de nombres. Cela permet d’installer le fait que, dans une composition, l’ordre ne compte pas ; ces compositions et décompositions permettent de dénombrer plus efficacement que par le comptage un à un.","Manipuler et verbaliser des compositions et des décompositions de nombres. Cela permet d’installer le fait que, dans une composition, l’ordre ne compte pas ; ces compositions et décompositions permettent de dénombrer plus efficacement que par le comptage un à un.",Objectif transcrit ; situations et exemples à lire dans le programme,2026.1,Création de l’identité ; aucune filiation présumée avec la trame ou le pilote
MATH-O008,math-o008,objectif officiel,L’acquisition des premiers outils mathématiques,Exprimer une quantité par un nombre,À aborder avant 4 ans,PS,P26,39,"Associer une quantité, le nom d’un nombre et une écriture chiffrée.","Associer une quantité, le nom d’un nombre et une écriture chiffrée.",Objectif transcrit ; situations et exemples à lire dans le programme,2026.1,Création de l’identité ; aucune filiation présumée avec la trame ou le pilote
MATH-O009,math-o009,objectif officiel,L’acquisition des premiers outils mathématiques,Exprimer une quantité par un nombre,À aborder avant 4 ans,PS,P26,39,Connaitre la comptine numérique de un à six.,Connaitre la comptine numérique de un à six.,Objectif transcrit ; situations et exemples à lire dans le programme,2026.1,Création de l’identité ; aucune filiation présumée avec la trame ou le pilote
MATH-O010,math-o010,objectif officiel,L’acquisition des premiers outils mathématiques,Exprimer une quantité par un nombre,À partir de 4 ans ou dès que les apprentissages précédents ont pu être observés,MS,P26,39,Poursuivre la compréhension qu’une quantité d’objets ne dépend ni de leur nature ni de leur organisation spatiale.,Poursuivre la compréhension qu’une quantité d’objets ne dépend ni de leur nature ni de leur organisation spatiale.,Objectif transcrit ; situations et exemples à lire dans le programme,2026.1,Création de l’identité ; aucune filiation présumée avec la trame ou le pilote
MATH-O011,math-o011,objectif officiel,L’acquisition des premiers outils mathématiques,Exprimer une quantité par un nombre,À partir de 4 ans ou dès que les apprentissages précédents ont pu être observés,MS,P26,39,"Poursuivre la compréhension des faits suivants : • si on ajoute un objet à une collection, le nombre qui désigne sa quantité est le suivant dans la suite orale des noms des nombres ; • dans la suite orale des nombres, chaque nombre s’obtient en ajoutant un au nombre précédent.","Poursuivre la compréhension des faits suivants : • si on ajoute un objet à une collection, le nombre qui désigne sa quantité est le suivant dans la suite orale des noms des nombres ; • dans la suite orale des nombres, chaque nombre s’obtient en ajoutant un au nombre précédent.",Objectif transcrit ; situations et exemples à lire dans le programme,2026.1,Création de l’identité ; aucune filiation présumée avec la trame ou le pilote
MATH-O012,math-o012,objectif officiel,L’acquisition des premiers outils mathématiques,Exprimer une quantité par un nombre,À partir de 4 ans ou dès que les apprentissages précédents ont pu être observés,MS,P26,39,Parcourir une collection en passant une et une seule fois par chacun de ses éléments.,Parcourir une collection en passant une et une seule fois par chacun de ses éléments.,Objectif transcrit ; situations et exemples à lire dans le programme,2026.1,Création de l’identité ; aucune filiation présumée avec la trame ou le pilote
MATH-O013,math-o013,objectif officiel,L’acquisition des premiers outils mathématiques,Exprimer une quantité par un nombre,À partir de 4 ans ou dès que les apprentissages précédents ont pu être observés,MS,P26,40,Dénombrer une collection d’objets (jusqu’à six).,Dénombrer une collection d’objets (jusqu’à six).,Objectif transcrit ; situations et exemples à lire dans le programme,2026.1,Création de l’identité ; aucune filiation présumée avec la trame ou le pilote
MATH-O014,math-o014,objectif officiel,L’acquisition des premiers outils mathématiques,Exprimer une quantité par un nombre,À partir de 4 ans ou dès que les apprentissages précédents ont pu être observés,MS,P26,40,Constituer une collection d’un cardinal donné (jusqu’à six objets).,Constituer une collection d’un cardinal donné (jusqu’à six objets).,Objectif transcrit ; situations et exemples à lire dans le programme,2026.1,Création de l’identité ; aucune filiation présumée avec la trame ou le pilote
MATH-O015,math-o015,objectif officiel,L’acquisition des premiers outils mathématiques,Exprimer une quantité par un nombre,À partir de 4 ans ou dès que les apprentissages précédents ont pu être observés,MS,P26,40,Comparer des quantités.,Comparer des quantités.,Objectif transcrit ; situations et exemples à lire dans le programme,2026.1,Création de l’identité ; aucune filiation présumée avec la trame ou le pilote
MATH-O016,math-o016,objectif officiel,L’acquisition des premiers outils mathématiques,Exprimer une quantité par un nombre,À partir de 4 ans ou dès que les apprentissages précédents ont pu être observés,MS,P26,40,Composer et décomposer des nombres inférieurs ou égaux à six.,Composer et décomposer des nombres inférieurs ou égaux à six.,Objectif transcrit ; situations et exemples à lire dans le programme,2026.1,Création de l’identité ; aucune filiation présumée avec la trame ou le pilote
MATH-O017,math-o017,objectif officiel,L’acquisition des premiers outils mathématiques,Exprimer une quantité par un nombre,À partir de 4 ans ou dès que les apprentissages précédents ont pu être observés,MS,P26,40,"Manipuler et verbaliser des compositions et des décompositions de nombres. Cela permet d’installer le fait que, dans une composition, l’ordre ne compte pas ; ces compositions et décompositions permettent de dénombrer plus efficacement que par le comptage un à un.","Manipuler et verbaliser des compositions et des décompositions de nombres. Cela permet d’installer le fait que, dans une composition, l’ordre ne compte pas ; ces compositions et décompositions permettent de dénombrer plus efficacement que par le comptage un à un.",Objectif transcrit ; situations et exemples à lire dans le programme,2026.1,Création de l’identité ; aucune filiation présumée avec la trame ou le pilote
MATH-O018,math-o018,objectif officiel,L’acquisition des premiers outils mathématiques,Exprimer une quantité par un nombre,À partir de 4 ans ou dès que les apprentissages précédents ont pu être observés,MS,P26,40,"Associer une quantité, le nom d’un nombre et une écriture chiffrée.","Associer une quantité, le nom d’un nombre et une écriture chiffrée.",Objectif transcrit ; situations et exemples à lire dans le programme,2026.1,Création de l’identité ; aucune filiation présumée avec la trame ou le pilote
MATH-O019,math-o019,objectif officiel,L’acquisition des premiers outils mathématiques,Exprimer une quantité par un nombre,À partir de 4 ans ou dès que les apprentissages précédents ont pu être observés,MS,P26,40,Écrire en chiffres les nombres de un à six.,Écrire en chiffres les nombres de un à six.,Objectif transcrit ; situations et exemples à lire dans le programme,2026.1,Création de l’identité ; aucune filiation présumée avec la trame ou le pilote
MATH-O020,math-o020,objectif officiel,L’acquisition des premiers outils mathématiques,Exprimer une quantité par un nombre,À partir de 4 ans ou dès que les apprentissages précédents ont pu être observés,MS,P26,40,Connaitre la comptine numérique de un à douze.,Connaitre la comptine numérique de un à douze.,Objectif transcrit ; situations et exemples à lire dans le programme,2026.1,Création de l’identité ; aucune filiation présumée avec la trame ou le pilote
MATH-O021,math-o021,objectif officiel,L’acquisition des premiers outils mathématiques,Exprimer une quantité par un nombre,À partir de 5 ans ou dès que les apprentissages précédents ont pu être observés,GS,P26,41,Poursuivre la compréhension qu’une quantité d’objets ne dépend ni de la nature de ces objets ni de leur organisation spatiale.,Poursuivre la compréhension qu’une quantité d’objets ne dépend ni de la nature de ces objets ni de leur organisation spatiale.,Objectif transcrit ; situations et exemples à lire dans le programme,2026.1,Création de l’identité ; aucune filiation présumée avec la trame ou le pilote
MATH-O022,math-o022,objectif officiel,L’acquisition des premiers outils mathématiques,Exprimer une quantité par un nombre,À partir de 5 ans ou dès que les apprentissages précédents ont pu être observés,GS,P26,41,"Poursuivre la compréhension des faits suivants : • si on ajoute un objet à une collection, le nombre qui désigne sa quantité est le suivant dans la suite orale des noms des nombres ; • dans la suite orale des nombres, chaque nombre s’obtient en ajoutant un au nombre précédent.","Poursuivre la compréhension des faits suivants : • si on ajoute un objet à une collection, le nombre qui désigne sa quantité est le suivant dans la suite orale des noms des nombres ; • dans la suite orale des nombres, chaque nombre s’obtient en ajoutant un au nombre précédent.",Objectif transcrit ; situations et exemples à lire dans le programme,2026.1,Création de l’identité ; aucune filiation présumée avec la trame ou le pilote
MATH-O023,math-o023,objectif officiel,L’acquisition des premiers outils mathématiques,Exprimer une quantité par un nombre,À partir de 5 ans ou dès que les apprentissages précédents ont pu être observés,GS,P26,41,Poursuivre les stratégies de parcours d’une collection en passant une et une seule fois par chacun de ses éléments.,Poursuivre les stratégies de parcours d’une collection en passant une et une seule fois par chacun de ses éléments.,Objectif transcrit ; situations et exemples à lire dans le programme,2026.1,Création de l’identité ; aucune filiation présumée avec la trame ou le pilote
MATH-O024,math-o024,objectif officiel,L’acquisition des premiers outils mathématiques,Exprimer une quantité par un nombre,À partir de 5 ans ou dès que les apprentissages précédents ont pu être observés,GS,P26,41,"Dénombrer une collection d’objets (jusqu’à dix, voire au-delà).","Dénombrer une collection d’objets (jusqu’à dix, voire au-delà).",Objectif transcrit ; situations et exemples à lire dans le programme,2026.1,Création de l’identité ; aucune filiation présumée avec la trame ou le pilote
MATH-O025,math-o025,objectif officiel,L’acquisition des premiers outils mathématiques,Exprimer une quantité par un nombre,À partir de 5 ans ou dès que les apprentissages précédents ont pu être observés,GS,P26,41,"Constituer une collection d’un cardinal donné (jusqu’à dix, voire au-delà).","Constituer une collection d’un cardinal donné (jusqu’à dix, voire au-delà).",Objectif transcrit ; situations et exemples à lire dans le programme,2026.1,Création de l’identité ; aucune filiation présumée avec la trame ou le pilote
MATH-O026,math-o026,objectif officiel,L’acquisition des premiers outils mathématiques,Exprimer une quantité par un nombre,À partir de 5 ans ou dès que les apprentissages précédents ont pu être observés,GS,P26,41,Comparer des quantités.,Comparer des quantités.,Objectif transcrit ; situations et exemples à lire dans le programme,2026.1,Création de l’identité ; aucune filiation présumée avec la trame ou le pilote
MATH-O027,math-o027,objectif officiel,L’acquisition des premiers outils mathématiques,Exprimer une quantité par un nombre,À partir de 5 ans ou dès que les apprentissages précédents ont pu être observés,GS,P26,41,"Composer et décomposer des nombres inférieurs ou égaux à dix, voire au-delà.","Composer et décomposer des nombres inférieurs ou égaux à dix, voire au-delà.",Objectif transcrit ; situations et exemples à lire dans le programme,2026.1,Création de l’identité ; aucune filiation présumée avec la trame ou le pilote
MATH-O028,math-o028,objectif officiel,L’acquisition des premiers outils mathématiques,Exprimer une quantité par un nombre,À partir de 5 ans ou dès que les apprentissages précédents ont pu être observés,GS,P26,42,"Manipuler et verbaliser des compositions et des décompositions de nombres. Cela permet d’installer le fait que, dans une composition, l’ordre ne compte pas.","Manipuler et verbaliser des compositions et des décompositions de nombres. Cela permet d’installer le fait que, dans une composition, l’ordre ne compte pas.",Objectif transcrit ; situations et exemples à lire dans le programme,2026.1,Création de l’identité ; aucune filiation présumée avec la trame ou le pilote
MATH-O029,math-o029,objectif officiel,L’acquisition des premiers outils mathématiques,Exprimer une quantité par un nombre,À partir de 5 ans ou dès que les apprentissages précédents ont pu être observés,GS,P26,42,Surcompter (c’est-à-dire compter de un en un à partir d’un nombre donné).,Surcompter (c’est-à-dire compter de un en un à partir d’un nombre donné).,Objectif transcrit ; situations et exemples à lire dans le programme,2026.1,Création de l’identité ; aucune filiation présumée avec la trame ou le pilote
MATH-O030,math-o030,objectif officiel,L’acquisition des premiers outils mathématiques,Exprimer une quantité par un nombre,À partir de 5 ans ou dès que les apprentissages précédents ont pu être observés,GS,P26,42,"Associer une quantité, le nom d’un nombre et une écriture chiffrée.","Associer une quantité, le nom d’un nombre et une écriture chiffrée.",Objectif transcrit ; situations et exemples à lire dans le programme,2026.1,Création de l’identité ; aucune filiation présumée avec la trame ou le pilote
MATH-O031,math-o031,objectif officiel,L’acquisition des premiers outils mathématiques,Exprimer une quantité par un nombre,À partir de 5 ans ou dès que les apprentissages précédents ont pu être observés,GS,P26,42,Écrire en chiffres les nombres de un à dix.,Écrire en chiffres les nombres de un à dix.,Objectif transcrit ; situations et exemples à lire dans le programme,2026.1,Création de l’identité ; aucune filiation présumée avec la trame ou le pilote
MATH-O032,math-o032,objectif officiel,L’acquisition des premiers outils mathématiques,Exprimer une quantité par un nombre,À partir de 5 ans ou dès que les apprentissages précédents ont pu être observés,GS,P26,42,Connaitre et utiliser la comptine numérique jusqu’à trente.,Connaitre et utiliser la comptine numérique jusqu’à trente.,Objectif transcrit ; situations et exemples à lire dans le programme,2026.1,Création de l’identité ; aucune filiation présumée avec la trame ou le pilote
MATH-O033,math-o033,objectif officiel,L’acquisition des premiers outils mathématiques,Exprimer un rang ou une position par un nombre,À partir de 4 ans ou dès que les apprentissages précédents ont pu être observés,MS,P26,43,Comprendre la notion de rang.,Comprendre la notion de rang.,Objectif transcrit ; situations et exemples à lire dans le programme,2026.1,Création de l’identité ; aucune filiation présumée avec la trame ou le pilote
MATH-O034,math-o034,objectif officiel,L’acquisition des premiers outils mathématiques,Exprimer un rang ou une position par un nombre,À partir de 4 ans ou dès que les apprentissages précédents ont pu être observés,MS,P26,43,Déterminer l’effet d’un déplacement sur une position.,Déterminer l’effet d’un déplacement sur une position.,Objectif transcrit ; situations et exemples à lire dans le programme,2026.1,Création de l’identité ; aucune filiation présumée avec la trame ou le pilote
MATH-O035,math-o035,objectif officiel,L’acquisition des premiers outils mathématiques,Exprimer un rang ou une position par un nombre,À partir de 4 ans ou dès que les apprentissages précédents ont pu être observés,MS,P26,43,Se familiariser avec le début de la bande numérique.,Se familiariser avec le début de la bande numérique.,Objectif transcrit ; situations et exemples à lire dans le programme,2026.1,Création de l’identité ; aucune filiation présumée avec la trame ou le pilote
MATH-O036,math-o036,objectif officiel,L’acquisition des premiers outils mathématiques,Exprimer un rang ou une position par un nombre,À partir de 5 ans ou dès que les apprentissages précédents ont pu être observés,GS,P26,43,Comprendre la notion de rang d’un objet.,Comprendre la notion de rang d’un objet.,Objectif transcrit ; situations et exemples à lire dans le programme,2026.1,Création de l’identité ; aucune filiation présumée avec la trame ou le pilote
MATH-O037,math-o037,objectif officiel,L’acquisition des premiers outils mathématiques,Exprimer un rang ou une position par un nombre,À partir de 5 ans ou dès que les apprentissages précédents ont pu être observés,GS,P26,44,Déterminer l’effet d’un déplacement sur une position.,Déterminer l’effet d’un déplacement sur une position.,Objectif transcrit ; situations et exemples à lire dans le programme,2026.1,Création de l’identité ; aucune filiation présumée avec la trame ou le pilote
MATH-O038,math-o038,objectif officiel,L’acquisition des premiers outils mathématiques,Exprimer un rang ou une position par un nombre,À partir de 5 ans ou dès que les apprentissages précédents ont pu être observés,GS,P26,44,Comprendre le lien entre un ajout et un avancement et celui entre un retrait et un recul.,Comprendre le lien entre un ajout et un avancement et celui entre un retrait et un recul.,Objectif transcrit ; situations et exemples à lire dans le programme,2026.1,Création de l’identité ; aucune filiation présumée avec la trame ou le pilote
MATH-O039,math-o039,objectif officiel,L’acquisition des premiers outils mathématiques,Exprimer un rang ou une position par un nombre,À partir de 5 ans ou dès que les apprentissages précédents ont pu être observés,GS,P26,44,Construire la bande numérique jusqu’à dix.,Construire la bande numérique jusqu’à dix.,Objectif transcrit ; situations et exemples à lire dans le programme,2026.1,Création de l’identité ; aucune filiation présumée avec la trame ou le pilote
MATH-O040,math-o040,objectif officiel,L’acquisition des premiers outils mathématiques,Utiliser les nombres pour résoudre des problèmes,À aborder avant 4 ans,PS,P26,45,Recherche du tout ou d’une partie dans un problème de parties-tout.,Recherche du tout ou d’une partie dans un problème de parties-tout.,Objectif transcrit ; situations et exemples à lire dans le programme,2026.1,Création de l’identité ; aucune filiation présumée avec la trame ou le pilote
MATH-O041,math-o041,objectif officiel,L’acquisition des premiers outils mathématiques,Utiliser les nombres pour résoudre des problèmes,À partir de 4 ans ou dès que les apprentissages précédents ont pu être observés,MS,P26,45,Rechercher le tout ou une partie dans un problème de parties-tout.,Rechercher le tout ou une partie dans un problème de parties-tout.,Objectif transcrit ; situations et exemples à lire dans le programme,2026.1,Création de l’identité ; aucune filiation présumée avec la trame ou le pilote
MATH-O042,math-o042,objectif officiel,L’acquisition des premiers outils mathématiques,Utiliser les nombres pour résoudre des problèmes,À partir de 4 ans ou dès que les apprentissages précédents ont pu être observés,MS,P26,45,Trouver une position finale à partir d’une position initiale et d’un déplacement sur une piste du type du jeu de l’oie ou sur la bande numérique.,Trouver une position finale à partir d’une position initiale et d’un déplacement sur une piste du type du jeu de l’oie ou sur la bande numérique.,Objectif transcrit ; situations et exemples à lire dans le programme,2026.1,Création de l’identité ; aucune filiation présumée avec la trame ou le pilote
MATH-O043,math-o043,objectif officiel,L’acquisition des premiers outils mathématiques,Utiliser les nombres pour résoudre des problèmes,À partir de 4 ans ou dès que les apprentissages précédents ont pu être observés,MS,P26,45,Rechercher le tout dans un problème de groupements.,Rechercher le tout dans un problème de groupements.,Objectif transcrit ; situations et exemples à lire dans le programme,2026.1,Création de l’identité ; aucune filiation présumée avec la trame ou le pilote
MATH-O044,math-o044,objectif officiel,L’acquisition des premiers outils mathématiques,Utiliser les nombres pour résoudre des problèmes,À partir de 4 ans ou dès que les apprentissages précédents ont pu être observés,MS,P26,45,Rechercher la valeur d’une part dans un problème de partage équitable.,Rechercher la valeur d’une part dans un problème de partage équitable.,Objectif transcrit ; situations et exemples à lire dans le programme,2026.1,Création de l’identité ; aucune filiation présumée avec la trame ou le pilote
MATH-O045,math-o045,objectif officiel,L’acquisition des premiers outils mathématiques,Utiliser les nombres pour résoudre des problèmes,À partir de 5 ans ou dès que les apprentissages précédents ont pu être observés,GS,P26,46,"Déterminer le tout ou une partie dans un problème de parties-tout (d’abord deux parties, puis éventuellement trois).","Déterminer le tout ou une partie dans un problème de parties-tout (d’abord deux parties, puis éventuellement trois).",Objectif transcrit ; situations et exemples à lire dans le programme,2026.1,Création de l’identité ; aucune filiation présumée avec la trame ou le pilote
MATH-O046,math-o046,objectif officiel,L’acquisition des premiers outils mathématiques,Utiliser les nombres pour résoudre des problèmes,À partir de 5 ans ou dès que les apprentissages précédents ont pu être observés,GS,P26,46,Déterminer la quantité d’objets ayant été ajoutée ou retirée à une collection à partir de ses quantités initiale et finale.,Déterminer la quantité d’objets ayant été ajoutée ou retirée à une collection à partir de ses quantités initiale et finale.,Objectif transcrit ; situations et exemples à lire dans le programme,2026.1,Création de l’identité ; aucune filiation présumée avec la trame ou le pilote
MATH-O047,math-o047,objectif officiel,L’acquisition des premiers outils mathématiques,Utiliser les nombres pour résoudre des problèmes,À partir de 5 ans ou dès que les apprentissages précédents ont pu être observés,GS,P26,46,Déterminer la position finale (respectivement initiale) à partir de la position initiale (respectivement finale) et d’un déplacement sur une piste du type du jeu de l’oie ou sur la bande numérique.,Déterminer la position finale (respectivement initiale) à partir de la position initiale (respectivement finale) et d’un déplacement sur une piste du type du jeu de l’oie ou sur la bande numérique.,Objectif transcrit ; situations et exemples à lire dans le programme,2026.1,Création de l’identité ; aucune filiation présumée avec la trame ou le pilote
MATH-O048,math-o048,objectif officiel,L’acquisition des premiers outils mathématiques,Utiliser les nombres pour résoudre des problèmes,À partir de 5 ans ou dès que les apprentissages précédents ont pu être observés,GS,P26,46,Déterminer le cardinal d’une collection à partir de celui d’une autre collection et de l’écart entre les deux.,Déterminer le cardinal d’une collection à partir de celui d’une autre collection et de l’écart entre les deux.,Objectif transcrit ; situations et exemples à lire dans le programme,2026.1,Création de l’identité ; aucune filiation présumée avec la trame ou le pilote
MATH-O049,math-o049,objectif officiel,L’acquisition des premiers outils mathématiques,Utiliser les nombres pour résoudre des problèmes,À partir de 5 ans ou dès que les apprentissages précédents ont pu être observés,GS,P26,46,Déterminer le tout dans un problème de groupement d’objets.,Déterminer le tout dans un problème de groupement d’objets.,Objectif transcrit ; situations et exemples à lire dans le programme,2026.1,Création de l’identité ; aucune filiation présumée avec la trame ou le pilote
MATH-O050,math-o050,objectif officiel,L’acquisition des premiers outils mathématiques,Utiliser les nombres pour résoudre des problèmes,À partir de 5 ans ou dès que les apprentissages précédents ont pu être observés,GS,P26,46,Déterminer la valeur d’une part dans un problème de partage équitable (avec éventuellement un reste).,Déterminer la valeur d’une part dans un problème de partage équitable (avec éventuellement un reste).,Objectif transcrit ; situations et exemples à lire dans le programme,2026.1,Création de l’identité ; aucune filiation présumée avec la trame ou le pilote
MATH-O051,math-o051,objectif officiel,L’acquisition des premiers outils mathématiques,Explorer les solides et les formes planes,À aborder avant 4 ans,PS,P26,47,"Reconnaitre, trier et classer des objets selon leur forme.","Reconnaitre, trier et classer des objets selon leur forme.",Objectif transcrit ; situations et exemples à lire dans le programme,2026.1,Création de l’identité ; aucune filiation présumée avec la trame ou le pilote
MATH-O052,math-o052,objectif officiel,L’acquisition des premiers outils mathématiques,Explorer les solides et les formes planes,À aborder avant 4 ans,PS,P26,48,Percevoir l’invariance de la forme d’un objet par rapport aux déplacements qu’il peut subir.,Percevoir l’invariance de la forme d’un objet par rapport aux déplacements qu’il peut subir.,Objectif transcrit ; situations et exemples à lire dans le programme,2026.1,Création de l’identité ; aucune filiation présumée avec la trame ou le pilote
MATH-O053,math-o053,objectif officiel,L’acquisition des premiers outils mathématiques,Explorer les solides et les formes planes,À aborder avant 4 ans,PS,P26,48,Reproduire des assemblages de solides ou de formes planes.,Reproduire des assemblages de solides ou de formes planes.,Objectif transcrit ; situations et exemples à lire dans le programme,2026.1,Création de l’identité ; aucune filiation présumée avec la trame ou le pilote
MATH-O054,math-o054,objectif officiel,L’acquisition des premiers outils mathématiques,Explorer les solides et les formes planes,À partir de 4 ans ou dès que les apprentissages précédents ont pu être observés,MS,P26,48,"Reconnaitre et classer des solides (cube, boule, pyramide à base carrée, cylindre) et des formes géométriques planes (triangle, carré, disque).","Reconnaitre et classer des solides (cube, boule, pyramide à base carrée, cylindre) et des formes géométriques planes (triangle, carré, disque).",Objectif transcrit ; situations et exemples à lire dans le programme,2026.1,Création de l’identité ; aucune filiation présumée avec la trame ou le pilote
MATH-O055,math-o055,objectif officiel,L’acquisition des premiers outils mathématiques,Explorer les solides et les formes planes,À partir de 4 ans ou dès que les apprentissages précédents ont pu être observés,MS,P26,48,Reproduire des assemblages de solides ou de formes planes (au maximum cinq).,Reproduire des assemblages de solides ou de formes planes (au maximum cinq).,Objectif transcrit ; situations et exemples à lire dans le programme,2026.1,Création de l’identité ; aucune filiation présumée avec la trame ou le pilote
MATH-O056,math-o056,objectif officiel,L’acquisition des premiers outils mathématiques,Explorer les solides et les formes planes,À partir de 5 ans ou dès que les apprentissages précédents ont pu être observés,GS,P26,48,"Décrire quelques solides simples : cube, pavé, boule, pyramides à base carrée ou triangulaire, cylindre, cône.","Décrire quelques solides simples : cube, pavé, boule, pyramides à base carrée ou triangulaire, cylindre, cône.",Objectif transcrit ; situations et exemples à lire dans le programme,2026.1,Création de l’identité ; aucune filiation présumée avec la trame ou le pilote
MATH-O057,math-o057,objectif officiel,L’acquisition des premiers outils mathématiques,Explorer les solides et les formes planes,À partir de 5 ans ou dès que les apprentissages précédents ont pu être observés,GS,P26,48,"Reconnaitre, trier et classer des formes géométriques planes, indépendamment d’autres critères comme la couleur, la taille, l’orientation.","Reconnaitre, trier et classer des formes géométriques planes, indépendamment d’autres critères comme la couleur, la taille, l’orientation.",Objectif transcrit ; situations et exemples à lire dans le programme,2026.1,Création de l’identité ; aucune filiation présumée avec la trame ou le pilote
MATH-O058,math-o058,objectif officiel,L’acquisition des premiers outils mathématiques,Explorer les solides et les formes planes,À partir de 5 ans ou dès que les apprentissages précédents ont pu être observés,GS,P26,48,"Décrire et nommer quelques figures géométriques simples : carré, rectangle, triangle, disque.","Décrire et nommer quelques figures géométriques simples : carré, rectangle, triangle, disque.",Objectif transcrit ; situations et exemples à lire dans le programme,2026.1,Création de l’identité ; aucune filiation présumée avec la trame ou le pilote
MATH-O059,math-o059,objectif officiel,L’acquisition des premiers outils mathématiques,Explorer les solides et les formes planes,À partir de 5 ans ou dès que les apprentissages précédents ont pu être observés,GS,P26,48,Reproduire des assemblages de solides (au maximum cinq) et de formes planes (au maximum huit).,Reproduire des assemblages de solides (au maximum cinq) et de formes planes (au maximum huit).,Objectif transcrit ; situations et exemples à lire dans le programme,2026.1,Création de l’identité ; aucune filiation présumée avec la trame ou le pilote
MATH-O060,math-o060,objectif officiel,L’acquisition des premiers outils mathématiques,Explorer les solides et les formes planes,À partir de 5 ans ou dès que les apprentissages précédents ont pu être observés,GS,P26,48,S’approprier la règle comme outil de tracé.,S’approprier la règle comme outil de tracé.,Objectif transcrit ; situations et exemples à lire dans le programme,2026.1,Création de l’identité ; aucune filiation présumée avec la trame ou le pilote
MATH-O061,math-o061,objectif officiel,L’acquisition des premiers outils mathématiques,"Explorer des grandeurs : la longueur, la masse",À aborder avant 4 ans,PS,P26,49,Reconnaitre un objet de même longueur qu’un objet donné.,Reconnaitre un objet de même longueur qu’un objet donné.,Objectif transcrit ; situations et exemples à lire dans le programme,2026.1,Création de l’identité ; aucune filiation présumée avec la trame ou le pilote
MATH-O062,math-o062,objectif officiel,L’acquisition des premiers outils mathématiques,"Explorer des grandeurs : la longueur, la masse",À aborder avant 4 ans,PS,P26,49,Comparer des objets selon leur longueur.,Comparer des objets selon leur longueur.,Objectif transcrit ; situations et exemples à lire dans le programme,2026.1,Création de l’identité ; aucune filiation présumée avec la trame ou le pilote
MATH-O063,math-o063,objectif officiel,L’acquisition des premiers outils mathématiques,"Explorer des grandeurs : la longueur, la masse",À partir de 4 ans ou dès que les apprentissages précédents ont pu être observés,MS,P26,49,Comparer directement des longueurs d’objets rectilignes et verbaliser le résultat.,Comparer directement des longueurs d’objets rectilignes et verbaliser le résultat.,Objectif transcrit ; situations et exemples à lire dans le programme,2026.1,Création de l’identité ; aucune filiation présumée avec la trame ou le pilote
MATH-O064,math-o064,objectif officiel,L’acquisition des premiers outils mathématiques,"Explorer des grandeurs : la longueur, la masse",À partir de 4 ans ou dès que les apprentissages précédents ont pu être observés,MS,P26,49,Classer des objets rectilignes selon leur longueur.,Classer des objets rectilignes selon leur longueur.,Objectif transcrit ; situations et exemples à lire dans le programme,2026.1,Création de l’identité ; aucune filiation présumée avec la trame ou le pilote
MATH-O065,math-o065,objectif officiel,L’acquisition des premiers outils mathématiques,"Explorer des grandeurs : la longueur, la masse",À partir de 4 ans ou dès que les apprentissages précédents ont pu être observés,MS,P26,49,Ordonner des objets rectilignes selon leur longueur et verbaliser le résultat.,Ordonner des objets rectilignes selon leur longueur et verbaliser le résultat.,Objectif transcrit ; situations et exemples à lire dans le programme,2026.1,Création de l’identité ; aucune filiation présumée avec la trame ou le pilote
MATH-O066,math-o066,objectif officiel,L’acquisition des premiers outils mathématiques,"Explorer des grandeurs : la longueur, la masse",À partir de 4 ans ou dès que les apprentissages précédents ont pu être observés,MS,P26,49,Comparer les masses de deux objets.,Comparer les masses de deux objets.,Objectif transcrit ; situations et exemples à lire dans le programme,2026.1,Création de l’identité ; aucune filiation présumée avec la trame ou le pilote
MATH-O067,math-o067,objectif officiel,L’acquisition des premiers outils mathématiques,"Explorer des grandeurs : la longueur, la masse",À partir de 5 ans ou dès que les apprentissages précédents ont pu être observés,GS,P26,49,Comparer indirectement des longueurs d’objets rectilignes.,Comparer indirectement des longueurs d’objets rectilignes.,Objectif transcrit ; situations et exemples à lire dans le programme,2026.1,Création de l’identité ; aucune filiation présumée avec la trame ou le pilote
MATH-O068,math-o068,objectif officiel,L’acquisition des premiers outils mathématiques,"Explorer des grandeurs : la longueur, la masse",À partir de 5 ans ou dès que les apprentissages précédents ont pu être observés,GS,P26,49,Ordonner des objets rectilignes selon leur longueur (au maximum cinq).,Ordonner des objets rectilignes selon leur longueur (au maximum cinq).,Objectif transcrit ; situations et exemples à lire dans le programme,2026.1,Création de l’identité ; aucune filiation présumée avec la trame ou le pilote
MATH-O069,math-o069,objectif officiel,L’acquisition des premiers outils mathématiques,"Explorer des grandeurs : la longueur, la masse",À partir de 5 ans ou dès que les apprentissages précédents ont pu être observés,GS,P26,49,Produire un objet rectiligne de même longueur qu’un objet donné.,Produire un objet rectiligne de même longueur qu’un objet donné.,Objectif transcrit ; situations et exemples à lire dans le programme,2026.1,Création de l’identité ; aucune filiation présumée avec la trame ou le pilote
MATH-O070,math-o070,objectif officiel,L’acquisition des premiers outils mathématiques,"Explorer des grandeurs : la longueur, la masse",À partir de 5 ans ou dès que les apprentissages précédents ont pu être observés,GS,P26,49,Ordonner les masses de trois objets. Verbaliser les résultats.,Ordonner les masses de trois objets. Verbaliser les résultats.,Objectif transcrit ; situations et exemples à lire dans le programme,2026.1,Création de l’identité ; aucune filiation présumée avec la trame ou le pilote
MATH-O071,math-o071,objectif officiel,L’acquisition des premiers outils mathématiques,"Explorer des grandeurs : la longueur, la masse",À partir de 5 ans ou dès que les apprentissages précédents ont pu être observés,GS,P26,49,Reconnaitre l’égalité de deux masses et verbaliser le résultat.,Reconnaitre l’égalité de deux masses et verbaliser le résultat.,Objectif transcrit ; situations et exemples à lire dans le programme,2026.1,Création de l’identité ; aucune filiation présumée avec la trame ou le pilote
MATH-O072,math-o072,objectif officiel,L’acquisition des premiers outils mathématiques,Se familiariser avec les motifs organisés,À aborder avant 4 ans,PS,P26,50,Mémoriser un motif répétitif très simple.,Mémoriser un motif répétitif très simple.,Objectif transcrit ; situations et exemples à lire dans le programme,2026.1,Création de l’identité ; aucune filiation présumée avec la trame ou le pilote
MATH-O073,math-o073,objectif officiel,L’acquisition des premiers outils mathématiques,Se familiariser avec les motifs organisés,À aborder avant 4 ans,PS,P26,50,Reproduire un motif répétitif à l’identique.,Reproduire un motif répétitif à l’identique.,Objectif transcrit ; situations et exemples à lire dans le programme,2026.1,Création de l’identité ; aucune filiation présumée avec la trame ou le pilote
MATH-O074,math-o074,objectif officiel,L’acquisition des premiers outils mathématiques,Se familiariser avec les motifs organisés,À partir de 4 ans ou dès que les apprentissages précédents ont pu être observés,MS,P26,51,Mémoriser un motif répétitif simple.,Mémoriser un motif répétitif simple.,Objectif transcrit ; situations et exemples à lire dans le programme,2026.1,Création de l’identité ; aucune filiation présumée avec la trame ou le pilote
MATH-O075,math-o075,objectif officiel,L’acquisition des premiers outils mathématiques,Se familiariser avec les motifs organisés,À partir de 4 ans ou dès que les apprentissages précédents ont pu être observés,MS,P26,51,Reconnaitre un motif répétitif à ses régularités.,Reconnaitre un motif répétitif à ses régularités.,Objectif transcrit ; situations et exemples à lire dans le programme,2026.1,Création de l’identité ; aucune filiation présumée avec la trame ou le pilote
MATH-O076,math-o076,objectif officiel,L’acquisition des premiers outils mathématiques,Se familiariser avec les motifs organisés,À partir de 4 ans ou dès que les apprentissages précédents ont pu être observés,MS,P26,51,"Décrire oralement des motifs répétitifs simples de différentes natures, sans nécessairement recourir au vocabulaire spécialisé.","Décrire oralement des motifs répétitifs simples de différentes natures, sans nécessairement recourir au vocabulaire spécialisé.",Objectif transcrit ; situations et exemples à lire dans le programme,2026.1,Création de l’identité ; aucune filiation présumée avec la trame ou le pilote
MATH-O077,math-o077,objectif officiel,L’acquisition des premiers outils mathématiques,Se familiariser avec les motifs organisés,À partir de 4 ans ou dès que les apprentissages précédents ont pu être observés,MS,P26,51,Prolonger l’amorce d’un motif répétitif et verbaliser la règle de prolongement utilisée.,Prolonger l’amorce d’un motif répétitif et verbaliser la règle de prolongement utilisée.,Objectif transcrit ; situations et exemples à lire dans le programme,2026.1,Création de l’identité ; aucune filiation présumée avec la trame ou le pilote
MATH-O078,math-o078,objectif officiel,L’acquisition des premiers outils mathématiques,Se familiariser avec les motifs organisés,À partir de 5 ans ou dès que les apprentissages précédents ont pu être observés,GS,P26,51,Repérer et décrire oralement la structure d’un motif évolutif (par exemple relevant de la transcription formelle ABAABBAAABBB).,Repérer et décrire oralement la structure d’un motif évolutif (par exemple relevant de la transcription formelle ABAABBAAABBB).,Objectif transcrit ; situations et exemples à lire dans le programme,2026.1,Création de l’identité ; aucune filiation présumée avec la trame ou le pilote
MATH-O079,math-o079,objectif officiel,L’acquisition des premiers outils mathématiques,Se familiariser avec les motifs organisés,À partir de 5 ans ou dès que les apprentissages précédents ont pu être observés,GS,P26,51,Identifier la structure d’un motif répétitif ou évolutif indépendamment des éléments physiques qui le composent.,Identifier la structure d’un motif répétitif ou évolutif indépendamment des éléments physiques qui le composent.,Objectif transcrit ; situations et exemples à lire dans le programme,2026.1,Création de l’identité ; aucune filiation présumée avec la trame ou le pilote
MATH-O080,math-o080,objectif officiel,L’acquisition des premiers outils mathématiques,Se familiariser avec les motifs organisés,À partir de 5 ans ou dès que les apprentissages précédents ont pu être observés,GS,P26,51,Créer des motifs de différentes natures.,Créer des motifs de différentes natures.,Objectif transcrit ; situations et exemples à lire dans le programme,2026.1,Création de l’identité ; aucune filiation présumée avec la trame ou le pilote
TEMPS-O001,temps-o001,objectif officiel,Se repérer dans le temps et l’espace,Se repérer dans le temps,À aborder avant 4 ans,PS,P26,53,Acquérir les premiers repères temporels.,Acquérir les premiers repères temporels.,Objectif transcrit ; situations et exemples à lire dans le programme,2026.1,Création de l’identité ; aucune filiation présumée avec la trame ou le pilote
TEMPS-O002,temps-o002,objectif officiel,Se repérer dans le temps et l’espace,Se repérer dans le temps,À aborder avant 4 ans,PS,P26,53,Identifier les principaux moments d’une journée.,Identifier les principaux moments d’une journée.,Objectif transcrit ; situations et exemples à lire dans le programme,2026.1,Création de l’identité ; aucune filiation présumée avec la trame ou le pilote
TEMPS-O003,temps-o003,objectif officiel,Se repérer dans le temps et l’espace,Se repérer dans le temps,À aborder avant 4 ans,PS,P26,53,Connaitre quelques marqueurs temporels.,Connaitre quelques marqueurs temporels.,Objectif transcrit ; situations et exemples à lire dans le programme,2026.1,Création de l’identité ; aucune filiation présumée avec la trame ou le pilote
TEMPS-O004,temps-o004,objectif officiel,Se repérer dans le temps et l’espace,Se repérer dans le temps,À aborder avant 4 ans,PS,P26,53,Aborder la notion de saison à partir de quelques faits observables.,Aborder la notion de saison à partir de quelques faits observables.,Objectif transcrit ; situations et exemples à lire dans le programme,2026.1,Création de l’identité ; aucune filiation présumée avec la trame ou le pilote
TEMPS-O005,temps-o005,objectif officiel,Se repérer dans le temps et l’espace,Se repérer dans le temps,À partir de 4 ans ou dès que les apprentissages précédents ont pu être observés,MS,P26,53,Énoncer le moment de la journée où l’on se situe.,Énoncer le moment de la journée où l’on se situe.,Objectif transcrit ; situations et exemples à lire dans le programme,2026.1,Création de l’identité ; aucune filiation présumée avec la trame ou le pilote
TEMPS-O006,temps-o006,objectif officiel,Se repérer dans le temps et l’espace,Se repérer dans le temps,À partir de 4 ans ou dès que les apprentissages précédents ont pu être observés,MS,P26,53,Établir des jours qui servent de repères dans la semaine.,Établir des jours qui servent de repères dans la semaine.,Objectif transcrit ; situations et exemples à lire dans le programme,2026.1,Création de l’identité ; aucune filiation présumée avec la trame ou le pilote
TEMPS-O007,temps-o007,objectif officiel,Se repérer dans le temps et l’espace,Se repérer dans le temps,À partir de 4 ans ou dès que les apprentissages précédents ont pu être observés,MS,P26,53,Savoir que la semaine est une suite de sept jours.,Savoir que la semaine est une suite de sept jours.,Objectif transcrit ; situations et exemples à lire dans le programme,2026.1,Création de l’identité ; aucune filiation présumée avec la trame ou le pilote
TEMPS-O008,temps-o008,objectif officiel,Se repérer dans le temps et l’espace,Se repérer dans le temps,À partir de 4 ans ou dès que les apprentissages précédents ont pu être observés,MS,P26,53,"Employer le présent, le futur, le passé composé et commencer éventuellement à employer l’imparfait pour évoquer des évènements et les resituer dans le temps.","Employer le présent, le futur, le passé composé et commencer éventuellement à employer l’imparfait pour évoquer des évènements et les resituer dans le temps.",Objectif transcrit ; situations et exemples à lire dans le programme,2026.1,Création de l’identité ; aucune filiation présumée avec la trame ou le pilote
TEMPS-O009,temps-o009,objectif officiel,Se repérer dans le temps et l’espace,Se repérer dans le temps,À partir de 4 ans ou dès que les apprentissages précédents ont pu être observés,MS,P26,54,Approfondir la notion de saison par des observations sur la végétation et le climat.,Approfondir la notion de saison par des observations sur la végétation et le climat.,Objectif transcrit ; situations et exemples à lire dans le programme,2026.1,Création de l’identité ; aucune filiation présumée avec la trame ou le pilote
TEMPS-O010,temps-o010,objectif officiel,Se repérer dans le temps et l’espace,Se repérer dans le temps,À partir de 5 ans ou dès que les apprentissages précédents ont pu être observés,GS,P26,54,Situer un évènement dans la semaine.,Situer un évènement dans la semaine.,Objectif transcrit ; situations et exemples à lire dans le programme,2026.1,Création de l’identité ; aucune filiation présumée avec la trame ou le pilote
TEMPS-O011,temps-o011,objectif officiel,Se repérer dans le temps et l’espace,Se repérer dans le temps,À partir de 5 ans ou dès que les apprentissages précédents ont pu être observés,GS,P26,54,Continuer à s’approprier les temps conjugués (futur simple et futur antérieur) et les jours pour situer les évènements dans la semaine et situer un évènement qui va se produire.,Continuer à s’approprier les temps conjugués (futur simple et futur antérieur) et les jours pour situer les évènements dans la semaine et situer un évènement qui va se produire.,Objectif transcrit ; situations et exemples à lire dans le programme,2026.1,Création de l’identité ; aucune filiation présumée avec la trame ou le pilote
TEMPS-O012,o-enoncer-date,objectif officiel,Se repérer dans le temps et l’espace,Se repérer dans le temps,À partir de 5 ans ou dès que les apprentissages précédents ont pu être observés,GS,P26,54,Énoncer la date.,Énoncer la date.,Objectif transcrit ; situations et exemples à lire dans le programme,2026.1,Création de l’identité ; aucune filiation présumée avec la trame ou le pilote
TEMPS-O013,temps-o013,objectif officiel,Se repérer dans le temps et l’espace,Se repérer dans le temps,À partir de 5 ans ou dès que les apprentissages précédents ont pu être observés,GS,P26,54,Utiliser des mois qui servent de repères pour se situer dans l’année.,Utiliser des mois qui servent de repères pour se situer dans l’année.,Objectif transcrit ; situations et exemples à lire dans le programme,2026.1,Création de l’identité ; aucune filiation présumée avec la trame ou le pilote
TEMPS-O014,temps-o014,objectif officiel,Se repérer dans le temps et l’espace,Se repérer dans le temps,À partir de 5 ans ou dès que les apprentissages précédents ont pu être observés,GS,P26,54,Nommer la plupart des mois de l’année.,Nommer la plupart des mois de l’année.,Objectif transcrit ; situations et exemples à lire dans le programme,2026.1,Création de l’identité ; aucune filiation présumée avec la trame ou le pilote
TEMPS-O015,temps-o015,objectif officiel,Se repérer dans le temps et l’espace,Se repérer dans le temps,À partir de 5 ans ou dès que les apprentissages précédents ont pu être observés,GS,P26,54,Connaitre les saisons.,Connaitre les saisons.,Objectif transcrit ; situations et exemples à lire dans le programme,2026.1,Création de l’identité ; aucune filiation présumée avec la trame ou le pilote
TEMPS-O016,temps-o016,objectif officiel,Se repérer dans le temps et l’espace,S’approprier la notion de chronologie,À aborder avant 4 ans,PS,P26,54,"Situer des moments de la journée les uns par rapport aux autres et commencer à utiliser le présent, le passé composé, le présent à valeur de futur proche.","Situer des moments de la journée les uns par rapport aux autres et commencer à utiliser le présent, le passé composé, le présent à valeur de futur proche.",Objectif transcrit ; situations et exemples à lire dans le programme,2026.1,Création de l’identité ; aucune filiation présumée avec la trame ou le pilote
TEMPS-O017,temps-o017,objectif officiel,Se repérer dans le temps et l’espace,S’approprier la notion de chronologie,À aborder avant 4 ans,PS,P26,54,Ordonner entre eux des moments rituels vécus.,Ordonner entre eux des moments rituels vécus.,Objectif transcrit ; situations et exemples à lire dans le programme,2026.1,Création de l’identité ; aucune filiation présumée avec la trame ou le pilote
TEMPS-O018,temps-o018,objectif officiel,Se repérer dans le temps et l’espace,S’approprier la notion de chronologie,À aborder avant 4 ans,PS,P26,54,Comprendre et restituer le déroulement d’évènements quotidiens au sein d’une histoire simple.,Comprendre et restituer le déroulement d’évènements quotidiens au sein d’une histoire simple.,Objectif transcrit ; situations et exemples à lire dans le programme,2026.1,Création de l’identité ; aucune filiation présumée avec la trame ou le pilote
TEMPS-O019,temps-o019,objectif officiel,Se repérer dans le temps et l’espace,S’approprier la notion de chronologie,À aborder avant 4 ans,PS,P26,54,Se projeter dans l’action que l’on choisit d’effectuer.,Se projeter dans l’action que l’on choisit d’effectuer.,Objectif transcrit ; situations et exemples à lire dans le programme,2026.1,Création de l’identité ; aucune filiation présumée avec la trame ou le pilote
TEMPS-O020,temps-o020,objectif officiel,Se repérer dans le temps et l’espace,S’approprier la notion de chronologie,À aborder avant 4 ans,PS,P26,54,Commencer à planifier deux activités.,Commencer à planifier deux activités.,Objectif transcrit ; situations et exemples à lire dans le programme,2026.1,Création de l’identité ; aucune filiation présumée avec la trame ou le pilote
TEMPS-O021,temps-o021,objectif officiel,Se repérer dans le temps et l’espace,S’approprier la notion de chronologie,À partir de 4 ans ou dès que les apprentissages précédents ont pu être observés,MS,P26,54,Restituer la chronologie des actions majeures d’une histoire simple.,Restituer la chronologie des actions majeures d’une histoire simple.,Objectif transcrit ; situations et exemples à lire dans le programme,2026.1,Création de l’identité ; aucune filiation présumée avec la trame ou le pilote
TEMPS-O022,temps-o022,objectif officiel,Se repérer dans le temps et l’espace,S’approprier la notion de chronologie,À partir de 4 ans ou dès que les apprentissages précédents ont pu être observés,MS,P26,54,"Relater et expliquer une action, une procédure en utilisant de premiers connecteurs structurants afin d’inscrire les activités récurrentes de leur vie quotidienne dans le temps.","Relater et expliquer une action, une procédure en utilisant de premiers connecteurs structurants afin d’inscrire les activités récurrentes de leur vie quotidienne dans le temps.",Objectif transcrit ; situations et exemples à lire dans le programme,2026.1,Création de l’identité ; aucune filiation présumée avec la trame ou le pilote
TEMPS-O023,temps-o023,objectif officiel,Se repérer dans le temps et l’espace,S’approprier la notion de chronologie,À partir de 5 ans ou dès que les apprentissages précédents ont pu être observés,GS,P26,54,Repérer les différentes étapes d’un processus ou d’un évènement vécu et les ordonner.,Repérer les différentes étapes d’un processus ou d’un évènement vécu et les ordonner.,Objectif transcrit ; situations et exemples à lire dans le programme,2026.1,Création de l’identité ; aucune filiation présumée avec la trame ou le pilote
TEMPS-O024,temps-o024,objectif officiel,Se repérer dans le temps et l’espace,S’approprier la notion de chronologie,À partir de 5 ans ou dès que les apprentissages précédents ont pu être observés,GS,P26,55,"Repérer l’antériorité d’une action par rapport à une autre dans un scénario: imparfait, plus-que-parfait, imparfait du verbe « aller » à valeur de futur proche dans le passé.","Repérer l’antériorité d’une action par rapport à une autre dans un scénario: imparfait, plus-que-parfait, imparfait du verbe « aller » à valeur de futur proche dans le passé.",Objectif transcrit ; situations et exemples à lire dans le programme,2026.1,Création de l’identité ; aucune filiation présumée avec la trame ou le pilote
TEMPS-O025,temps-o025,objectif officiel,Se repérer dans le temps et l’espace,S’approprier la notion de chronologie,À partir de 5 ans ou dès que les apprentissages précédents ont pu être observés,GS,P26,55,"Ordonner des évènements passés les uns par rapport aux autres, dans l’année scolaire.","Ordonner des évènements passés les uns par rapport aux autres, dans l’année scolaire.",Objectif transcrit ; situations et exemples à lire dans le programme,2026.1,Création de l’identité ; aucune filiation présumée avec la trame ou le pilote
TEMPS-O026,temps-o026,objectif officiel,Se repérer dans le temps et l’espace,S’approprier la notion de chronologie,À partir de 5 ans ou dès que les apprentissages précédents ont pu être observés,GS,P26,55,"Relater des évènements passés ou à venir qui indiquent la succession, l’antériorité, la postériorité et la simultanéité.","Relater des évènements passés ou à venir qui indiquent la succession, l’antériorité, la postériorité et la simultanéité.",Objectif transcrit ; situations et exemples à lire dans le programme,2026.1,Création de l’identité ; aucune filiation présumée avec la trame ou le pilote
TEMPS-O027,temps-o027,objectif officiel,Se repérer dans le temps et l’espace,Construire la notion de durée,À aborder avant 4 ans,PS,P26,55,Attendre avant d’obtenir ce que l’on souhaite.,Attendre avant d’obtenir ce que l’on souhaite.,Objectif transcrit ; situations et exemples à lire dans le programme,2026.1,Création de l’identité ; aucune filiation présumée avec la trame ou le pilote
TEMPS-O028,temps-o028,objectif officiel,Se repérer dans le temps et l’espace,Construire la notion de durée,À aborder avant 4 ans,PS,P26,55,Repérer le début et la fin d’une activité.,Repérer le début et la fin d’une activité.,Objectif transcrit ; situations et exemples à lire dans le programme,2026.1,Création de l’identité ; aucune filiation présumée avec la trame ou le pilote
TEMPS-O029,temps-o029,objectif officiel,Se repérer dans le temps et l’espace,Construire la notion de durée,À aborder avant 4 ans,PS,P26,55,Connaitre quelques mots qui font référence à la durée.,Connaitre quelques mots qui font référence à la durée.,Objectif transcrit ; situations et exemples à lire dans le programme,2026.1,Création de l’identité ; aucune filiation présumée avec la trame ou le pilote
TEMPS-O030,temps-o030,objectif officiel,Se repérer dans le temps et l’espace,Construire la notion de durée,À partir de 4 ans ou dès que les apprentissages précédents ont pu être observés,MS,P26,55,Percevoir que certaines durées sont stables.,Percevoir que certaines durées sont stables.,Objectif transcrit ; situations et exemples à lire dans le programme,2026.1,Création de l’identité ; aucune filiation présumée avec la trame ou le pilote
TEMPS-O031,temps-o031,objectif officiel,Se repérer dans le temps et l’espace,Construire la notion de durée,À partir de 4 ans ou dès que les apprentissages précédents ont pu être observés,MS,P26,55,Enrichir le répertoire de mots qui font référence à la durée.,Enrichir le répertoire de mots qui font référence à la durée.,Objectif transcrit ; situations et exemples à lire dans le programme,2026.1,Création de l’identité ; aucune filiation présumée avec la trame ou le pilote
TEMPS-O032,temps-o032,objectif officiel,Se repérer dans le temps et l’espace,Construire la notion de durée,À partir de 5 ans ou dès que les apprentissages précédents ont pu être observés,GS,P26,55,Commencer à utiliser les repères donnés par les professeurs pour organiser son activité dans un temps imparti.,Commencer à utiliser les repères donnés par les professeurs pour organiser son activité dans un temps imparti.,Objectif transcrit ; situations et exemples à lire dans le programme,2026.1,Création de l’identité ; aucune filiation présumée avec la trame ou le pilote
TEMPS-O033,temps-o033,objectif officiel,Se repérer dans le temps et l’espace,Construire la notion de durée,À partir de 5 ans ou dès que les apprentissages précédents ont pu être observés,GS,P26,55,Comparer des durées.,Comparer des durées.,Objectif transcrit ; situations et exemples à lire dans le programme,2026.1,Création de l’identité ; aucune filiation présumée avec la trame ou le pilote
TEMPS-O034,temps-o034,objectif officiel,Se repérer dans le temps et l’espace,Construire la notion de durée,À partir de 5 ans ou dès que les apprentissages précédents ont pu être observés,GS,P26,55,"Comprendre progressivement qu’il existe un temps long, un passé très éloigné, des évènements antérieurs à notre propre vie.","Comprendre progressivement qu’il existe un temps long, un passé très éloigné, des évènements antérieurs à notre propre vie.",Objectif transcrit ; situations et exemples à lire dans le programme,2026.1,Création de l’identité ; aucune filiation présumée avec la trame ou le pilote
TEMPS-O035,temps-o035,objectif officiel,Se repérer dans le temps et l’espace,Faire l’expérience de l’espace,À aborder avant 4 ans,PS,P26,56,Réaliser des constructions simples à partir de pièces solides ou de formes planes.,Réaliser des constructions simples à partir de pièces solides ou de formes planes.,Objectif transcrit ; situations et exemples à lire dans le programme,2026.1,Création de l’identité ; aucune filiation présumée avec la trame ou le pilote
TEMPS-O036,temps-o036,objectif officiel,Se repérer dans le temps et l’espace,Faire l’expérience de l’espace,À aborder avant 4 ans,PS,P26,56,Orienter un objet ou une forme.,Orienter un objet ou une forme.,Objectif transcrit ; situations et exemples à lire dans le programme,2026.1,Création de l’identité ; aucune filiation présumée avec la trame ou le pilote
TEMPS-O037,temps-o037,objectif officiel,Se repérer dans le temps et l’espace,Faire l’expérience de l’espace,À aborder avant 4 ans,PS,P26,56,Manipuler des objets volumineux.,Manipuler des objets volumineux.,Objectif transcrit ; situations et exemples à lire dans le programme,2026.1,Création de l’identité ; aucune filiation présumée avec la trame ou le pilote
TEMPS-O038,temps-o038,objectif officiel,Se repérer dans le temps et l’espace,Faire l’expérience de l’espace,À aborder avant 4 ans,PS,P26,56,Orienter un livre ou un autre support d’écrit.,Orienter un livre ou un autre support d’écrit.,Objectif transcrit ; situations et exemples à lire dans le programme,2026.1,Création de l’identité ; aucune filiation présumée avec la trame ou le pilote
TEMPS-O039,temps-o039,objectif officiel,Se repérer dans le temps et l’espace,Faire l’expérience de l’espace,À aborder avant 4 ans,PS,P26,56,"Réaliser un trajet, un parcours simple dans l’école.","Réaliser un trajet, un parcours simple dans l’école.",Objectif transcrit ; situations et exemples à lire dans le programme,2026.1,Création de l’identité ; aucune filiation présumée avec la trame ou le pilote
TEMPS-O040,temps-o040,objectif officiel,Se repérer dans le temps et l’espace,Faire l’expérience de l’espace,À aborder avant 4 ans,PS,P26,56,Expérimenter les effets sensoriels de la proximité et de l’éloignement.,Expérimenter les effets sensoriels de la proximité et de l’éloignement.,Objectif transcrit ; situations et exemples à lire dans le programme,2026.1,Création de l’identité ; aucune filiation présumée avec la trame ou le pilote
TEMPS-O041,temps-o041,objectif officiel,Se repérer dans le temps et l’espace,Faire l’expérience de l’espace,À aborder avant 4 ans,PS,P26,56,Acquérir les premiers marqueurs qui permettent de se repérer dans l’espace.,Acquérir les premiers marqueurs qui permettent de se repérer dans l’espace.,Objectif transcrit ; situations et exemples à lire dans le programme,2026.1,Création de l’identité ; aucune filiation présumée avec la trame ou le pilote
TEMPS-O042,temps-o042,objectif officiel,Se repérer dans le temps et l’espace,Faire l’expérience de l’espace,À partir de 4 ans ou dès que les apprentissages précédents ont pu être observés,MS,P26,56,Réaliser des constructions de pièces solides ou de formes planes à partir d’une contrainte.,Réaliser des constructions de pièces solides ou de formes planes à partir d’une contrainte.,Objectif transcrit ; situations et exemples à lire dans le programme,2026.1,Création de l’identité ; aucune filiation présumée avec la trame ou le pilote
TEMPS-O043,temps-o043,objectif officiel,Se repérer dans le temps et l’espace,Faire l’expérience de l’espace,À partir de 4 ans ou dès que les apprentissages précédents ont pu être observés,MS,P26,56,Situer des objets entre eux.,Situer des objets entre eux.,Objectif transcrit ; situations et exemples à lire dans le programme,2026.1,Création de l’identité ; aucune filiation présumée avec la trame ou le pilote
TEMPS-O044,temps-o044,objectif officiel,Se repérer dans le temps et l’espace,Faire l’expérience de l’espace,À partir de 4 ans ou dès que les apprentissages précédents ont pu être observés,MS,P26,56,"Situer des objets par rapport à soi, différencier la proximité de l’éloignement.","Situer des objets par rapport à soi, différencier la proximité de l’éloignement.",Objectif transcrit ; situations et exemples à lire dans le programme,2026.1,Création de l’identité ; aucune filiation présumée avec la trame ou le pilote
TEMPS-O045,temps-o045,objectif officiel,Se repérer dans le temps et l’espace,Faire l’expérience de l’espace,À partir de 4 ans ou dès que les apprentissages précédents ont pu être observés,MS,P26,56,Orienter et utiliser correctement une feuille de papier.,Orienter et utiliser correctement une feuille de papier.,Objectif transcrit ; situations et exemples à lire dans le programme,2026.1,Création de l’identité ; aucune filiation présumée avec la trame ou le pilote
TEMPS-O046,temps-o046,objectif officiel,Se repérer dans le temps et l’espace,Faire l’expérience de l’espace,À partir de 4 ans ou dès que les apprentissages précédents ont pu être observés,MS,P26,56,Se situer par rapport aux autres.,Se situer par rapport aux autres.,Objectif transcrit ; situations et exemples à lire dans le programme,2026.1,Création de l’identité ; aucune filiation présumée avec la trame ou le pilote
TEMPS-O047,temps-o047,objectif officiel,Se repérer dans le temps et l’espace,Faire l’expérience de l’espace,À partir de 4 ans ou dès que les apprentissages précédents ont pu être observés,MS,P26,56,Employer les marqueurs spatiaux précédemment acquis et en acquérir de nouveaux.,Employer les marqueurs spatiaux précédemment acquis et en acquérir de nouveaux.,Objectif transcrit ; situations et exemples à lire dans le programme,2026.1,Création de l’identité ; aucune filiation présumée avec la trame ou le pilote
TEMPS-O048,temps-o048,objectif officiel,Se repérer dans le temps et l’espace,Faire l’expérience de l’espace,À partir de 5 ans ou dès que les apprentissages précédents ont pu être observés,GS,P26,57,Réaliser des assemblages complexes.,Réaliser des assemblages complexes.,Objectif transcrit ; situations et exemples à lire dans le programme,2026.1,Création de l’identité ; aucune filiation présumée avec la trame ou le pilote
TEMPS-O049,temps-o049,objectif officiel,Se repérer dans le temps et l’espace,Faire l’expérience de l’espace,À partir de 5 ans ou dès que les apprentissages précédents ont pu être observés,GS,P26,57,Situer des objets dans un ensemble ordonné.,Situer des objets dans un ensemble ordonné.,Objectif transcrit ; situations et exemples à lire dans le programme,2026.1,Création de l’identité ; aucune filiation présumée avec la trame ou le pilote
TEMPS-O050,temps-o050,objectif officiel,Se repérer dans le temps et l’espace,Faire l’expérience de l’espace,À partir de 5 ans ou dès que les apprentissages précédents ont pu être observés,GS,P26,57,"Situer des objets par rapport à soi, construire une image orientée de son corps.","Situer des objets par rapport à soi, construire une image orientée de son corps.",Objectif transcrit ; situations et exemples à lire dans le programme,2026.1,Création de l’identité ; aucune filiation présumée avec la trame ou le pilote
TEMPS-O051,temps-o051,objectif officiel,Se repérer dans le temps et l’espace,Faire l’expérience de l’espace,À partir de 5 ans ou dès que les apprentissages précédents ont pu être observés,GS,P26,57,"Réaliser un trajet, un parcours dans un environnement connu.","Réaliser un trajet, un parcours dans un environnement connu.",Objectif transcrit ; situations et exemples à lire dans le programme,2026.1,Création de l’identité ; aucune filiation présumée avec la trame ou le pilote
TEMPS-O052,temps-o052,objectif officiel,Se repérer dans le temps et l’espace,Faire l’expérience de l’espace,À partir de 5 ans ou dès que les apprentissages précédents ont pu être observés,GS,P26,57,Utiliser une page en respectant les normes d’écriture.,Utiliser une page en respectant les normes d’écriture.,Objectif transcrit ; situations et exemples à lire dans le programme,2026.1,Création de l’identité ; aucune filiation présumée avec la trame ou le pilote
TEMPS-O053,temps-o053,objectif officiel,Se repérer dans le temps et l’espace,Faire l’expérience de l’espace,À partir de 5 ans ou dès que les apprentissages précédents ont pu être observés,GS,P26,57,Reconnaitre quelques espaces géographiques sur un planisphère.,Reconnaitre quelques espaces géographiques sur un planisphère.,Objectif transcrit ; situations et exemples à lire dans le programme,2026.1,Création de l’identité ; aucune filiation présumée avec la trame ou le pilote
TEMPS-O054,temps-o054,objectif officiel,Se repérer dans le temps et l’espace,Faire l’expérience de l’espace,À partir de 5 ans ou dès que les apprentissages précédents ont pu être observés,GS,P26,57,Enrichir le lexique relatif à l’espace de mots plus complexes ou désignant un espace plus éloigné.,Enrichir le lexique relatif à l’espace de mots plus complexes ou désignant un espace plus éloigné.,Objectif transcrit ; situations et exemples à lire dans le programme,2026.1,Création de l’identité ; aucune filiation présumée avec la trame ou le pilote
TEMPS-O055,temps-o055,objectif officiel,Se repérer dans le temps et l’espace,Représenter l’espace,À aborder avant 4 ans,PS,P26,57,Reproduire un parcours simple.,Reproduire un parcours simple.,Objectif transcrit ; situations et exemples à lire dans le programme,2026.1,Création de l’identité ; aucune filiation présumée avec la trame ou le pilote
TEMPS-O056,temps-o056,objectif officiel,Se repérer dans le temps et l’espace,Représenter l’espace,À aborder avant 4 ans,PS,P26,57,Restituer un déplacement à l’aide de représentations diverses.,Restituer un déplacement à l’aide de représentations diverses.,Objectif transcrit ; situations et exemples à lire dans le programme,2026.1,Création de l’identité ; aucune filiation présumée avec la trame ou le pilote
TEMPS-O057,temps-o057,objectif officiel,Se repérer dans le temps et l’espace,Représenter l’espace,À partir de 4 ans ou dès que les apprentissages précédents ont pu être observés,MS,P26,57,Représenter un espace connu.,Représenter un espace connu.,Objectif transcrit ; situations et exemples à lire dans le programme,2026.1,Création de l’identité ; aucune filiation présumée avec la trame ou le pilote
TEMPS-O058,temps-o058,objectif officiel,Se repérer dans le temps et l’espace,Représenter l’espace,À partir de 4 ans ou dès que les apprentissages précédents ont pu être observés,MS,P26,57,Restituer oralement un déplacement à partir d’une représentation.,Restituer oralement un déplacement à partir d’une représentation.,Objectif transcrit ; situations et exemples à lire dans le programme,2026.1,Création de l’identité ; aucune filiation présumée avec la trame ou le pilote
TEMPS-O059,temps-o059,objectif officiel,Se repérer dans le temps et l’espace,Représenter l’espace,À partir de 4 ans ou dès que les apprentissages précédents ont pu être observés,MS,P26,57,Représenter un déplacement.,Représenter un déplacement.,Objectif transcrit ; situations et exemples à lire dans le programme,2026.1,Création de l’identité ; aucune filiation présumée avec la trame ou le pilote
TEMPS-O060,temps-o060,objectif officiel,Se repérer dans le temps et l’espace,Représenter l’espace,À partir de 4 ans ou dès que les apprentissages précédents ont pu être observés,MS,P26,57,Composer et représenter divers éléments.,Composer et représenter divers éléments.,Objectif transcrit ; situations et exemples à lire dans le programme,2026.1,Création de l’identité ; aucune filiation présumée avec la trame ou le pilote
TEMPS-O061,temps-o061,objectif officiel,Se repérer dans le temps et l’espace,Représenter l’espace,À partir de 5 ans ou dès que les apprentissages précédents ont pu être observés,GS,P26,58,Reproduire un parcours sur une représentation plane.,Reproduire un parcours sur une représentation plane.,Objectif transcrit ; situations et exemples à lire dans le programme,2026.1,Création de l’identité ; aucune filiation présumée avec la trame ou le pilote
TEMPS-O062,temps-o062,objectif officiel,Se repérer dans le temps et l’espace,Représenter l’espace,À partir de 5 ans ou dès que les apprentissages précédents ont pu être observés,GS,P26,58,Représenter l’environnement proche.,Représenter l’environnement proche.,Objectif transcrit ; situations et exemples à lire dans le programme,2026.1,Création de l’identité ; aucune filiation présumée avec la trame ou le pilote
TEMPS-O063,temps-o063,objectif officiel,Se repérer dans le temps et l’espace,Représenter l’espace,À partir de 5 ans ou dès que les apprentissages précédents ont pu être observés,GS,P26,58,Restituer oralement un déplacement mémorisé.,Restituer oralement un déplacement mémorisé.,Objectif transcrit ; situations et exemples à lire dans le programme,2026.1,Création de l’identité ; aucune filiation présumée avec la trame ou le pilote
TEMPS-O064,temps-o064,objectif officiel,Se repérer dans le temps et l’espace,Représenter l’espace,À partir de 5 ans ou dès que les apprentissages précédents ont pu être observés,GS,P26,58,Représenter un déplacement.,Représenter un déplacement.,Objectif transcrit ; situations et exemples à lire dans le programme,2026.1,Création de l’identité ; aucune filiation présumée avec la trame ou le pilote
TEMPS-O065,temps-o065,objectif officiel,Se repérer dans le temps et l’espace,Représenter l’espace,À partir de 5 ans ou dès que les apprentissages précédents ont pu être observés,GS,P26,58,Représenter la proximité ou l’éloignement d’un sujet.,Représenter la proximité ou l’éloignement d’un sujet.,Objectif transcrit ; situations et exemples à lire dans le programme,2026.1,Création de l’identité ; aucune filiation présumée avec la trame ou le pilote
TEMPS-O066,temps-o066,objectif officiel,Se repérer dans le temps et l’espace,Représenter l’espace,À partir de 5 ans ou dès que les apprentissages précédents ont pu être observés,GS,P26,58,Représenter divers éléments sur un plan.,Représenter divers éléments sur un plan.,Objectif transcrit ; situations et exemples à lire dans le programme,2026.1,Création de l’identité ; aucune filiation présumée avec la trame ou le pilote
TEMPS-O067,temps-o067,objectif officiel,Se repérer dans le temps et l’espace,Découvrir l’environnement proche,À aborder avant 4 ans,PS,P26,58,Explorer les différents lieux de l’école et leur associer des éléments caractéristiques observés.,Explorer les différents lieux de l’école et leur associer des éléments caractéristiques observés.,Objectif transcrit ; situations et exemples à lire dans le programme,2026.1,Création de l’identité ; aucune filiation présumée avec la trame ou le pilote
TEMPS-O068,temps-o068,objectif officiel,Se repérer dans le temps et l’espace,Découvrir l’environnement proche,À partir de 4 ans ou dès que les apprentissages précédents ont pu être observés,MS,P26,58,Caractériser l’environnement extérieur proche de l’école.,Caractériser l’environnement extérieur proche de l’école.,Objectif transcrit ; situations et exemples à lire dans le programme,2026.1,Création de l’identité ; aucune filiation présumée avec la trame ou le pilote
TEMPS-O069,temps-o069,objectif officiel,Se repérer dans le temps et l’espace,Découvrir l’environnement proche,À partir de 4 ans ou dès que les apprentissages précédents ont pu être observés,MS,P26,58,Découvrir des espaces moins familiers.,Découvrir des espaces moins familiers.,Objectif transcrit ; situations et exemples à lire dans le programme,2026.1,Création de l’identité ; aucune filiation présumée avec la trame ou le pilote
TEMPS-O070,temps-o070,objectif officiel,Se repérer dans le temps et l’espace,Découvrir l’environnement proche,À partir de 5 ans ou dès que les apprentissages précédents ont pu être observés,GS,P26,58,Reconnaitre les espaces proches de l’école et leurs usages.,Reconnaitre les espaces proches de l’école et leurs usages.,Objectif transcrit ; situations et exemples à lire dans le programme,2026.1,Création de l’identité ; aucune filiation présumée avec la trame ou le pilote
TEMPS-O071,temps-o071,objectif officiel,Se repérer dans le temps et l’espace,Découvrir l’environnement proche,À partir de 5 ans ou dès que les apprentissages précédents ont pu être observés,GS,P26,58,Reconnaitre des espaces moins familiers.,Reconnaitre des espaces moins familiers.,Objectif transcrit ; situations et exemples à lire dans le programme,2026.1,Création de l’identité ; aucune filiation présumée avec la trame ou le pilote
TEMPS-O072,temps-o072,objectif officiel,Se repérer dans le temps et l’espace,Découvrir l’environnement proche,À partir de 5 ans ou dès que les apprentissages précédents ont pu être observés,GS,P26,58,Observer l’habitat proche de l’école.,Observer l’habitat proche de l’école.,Objectif transcrit ; situations et exemples à lire dans le programme,2026.1,Création de l’identité ; aucune filiation présumée avec la trame ou le pilote
VIVANT-O001,vivant-o001,objectif officiel,"Découvrir le monde du vivant, de la matière et des objets",Découvrir les animaux et les végétaux,À aborder avant 4 ans,PS,P26,60,Repérer et nommer les caractéristiques morphologiques générales des plantes et des animaux observés avec la classe.,Repérer et nommer les caractéristiques morphologiques générales des plantes et des animaux observés avec la classe.,Objectif transcrit ; situations et exemples à lire dans le programme,2026.1,Création de l’identité ; aucune filiation présumée avec la trame ou le pilote
VIVANT-O002,vivant-o002,objectif officiel,"Découvrir le monde du vivant, de la matière et des objets",Découvrir les animaux et les végétaux,À aborder avant 4 ans,PS,P26,60,"Reconnaitre et nommer le mâle et la femelle, le jeune et l'adulte pour plusieurs espèces animales.","Reconnaitre et nommer le mâle et la femelle, le jeune et l'adulte pour plusieurs espèces animales.",Objectif transcrit ; situations et exemples à lire dans le programme,2026.1,Création de l’identité ; aucune filiation présumée avec la trame ou le pilote
VIVANT-O003,vivant-o003,objectif officiel,"Découvrir le monde du vivant, de la matière et des objets",Découvrir les animaux et les végétaux,À aborder avant 4 ans,PS,P26,60,Prodiguer des soins nécessaires aux élevages et aux cultures.,Prodiguer des soins nécessaires aux élevages et aux cultures.,Objectif transcrit ; situations et exemples à lire dans le programme,2026.1,Création de l’identité ; aucune filiation présumée avec la trame ou le pilote
VIVANT-O004,vivant-o004,objectif officiel,"Découvrir le monde du vivant, de la matière et des objets",Découvrir les animaux et les végétaux,À partir de 4 ans ou dès que les apprentissages précédents ont pu être observés,MS,P26,60,Reconnaitre une ou plusieurs étapes d’un cycle de vie à partir de l’observation d’animaux et de plantes.,Reconnaitre une ou plusieurs étapes d’un cycle de vie à partir de l’observation d’animaux et de plantes.,Objectif transcrit ; situations et exemples à lire dans le programme,2026.1,Création de l’identité ; aucune filiation présumée avec la trame ou le pilote
VIVANT-O005,vivant-o005,objectif officiel,"Découvrir le monde du vivant, de la matière et des objets",Découvrir les animaux et les végétaux,À partir de 4 ans ou dès que les apprentissages précédents ont pu être observés,MS,P26,60,"Identifier et décrire les besoins essentiels de quelques animaux et de végétaux à partir d'observations d'élevage, de cultures de plantes, et des soins prodigués.","Identifier et décrire les besoins essentiels de quelques animaux et de végétaux à partir d'observations d'élevage, de cultures de plantes, et des soins prodigués.",Objectif transcrit ; situations et exemples à lire dans le programme,2026.1,Création de l’identité ; aucune filiation présumée avec la trame ou le pilote
VIVANT-O006,vivant-o006,objectif officiel,"Découvrir le monde du vivant, de la matière et des objets",Découvrir les animaux et les végétaux,À partir de 4 ans ou dès que les apprentissages précédents ont pu être observés,MS,P26,60,Observer et nommer le mode de déplacement de quelques animaux en relation avec leur milieu de vie.,Observer et nommer le mode de déplacement de quelques animaux en relation avec leur milieu de vie.,Objectif transcrit ; situations et exemples à lire dans le programme,2026.1,Création de l’identité ; aucune filiation présumée avec la trame ou le pilote
VIVANT-O007,vivant-o007,objectif officiel,"Découvrir le monde du vivant, de la matière et des objets",Découvrir les animaux et les végétaux,À partir de 4 ans ou dès que les apprentissages précédents ont pu être observés,MS,P26,60,Respecter la vie sous toutes ses formes.,Respecter la vie sous toutes ses formes.,Objectif transcrit ; situations et exemples à lire dans le programme,2026.1,Création de l’identité ; aucune filiation présumée avec la trame ou le pilote
VIVANT-O008,vivant-o008,objectif officiel,"Découvrir le monde du vivant, de la matière et des objets",Découvrir les animaux et les végétaux,À partir de 5 ans ou dès que les apprentissages précédents ont pu être observés,GS,P26,60,Identifier des éléments morphologiques spécifiques à une espèce végétale ou animale.,Identifier des éléments morphologiques spécifiques à une espèce végétale ou animale.,Objectif transcrit ; situations et exemples à lire dans le programme,2026.1,Création de l’identité ; aucune filiation présumée avec la trame ou le pilote
VIVANT-O009,vivant-o009,objectif officiel,"Découvrir le monde du vivant, de la matière et des objets",Découvrir les animaux et les végétaux,À partir de 5 ans ou dès que les apprentissages précédents ont pu être observés,GS,P26,60,Reconnaitre les étapes de la vie d'un animal ou d'une plante.,Reconnaitre les étapes de la vie d'un animal ou d'une plante.,Objectif transcrit ; situations et exemples à lire dans le programme,2026.1,Création de l’identité ; aucune filiation présumée avec la trame ou le pilote
VIVANT-O010,vivant-o010,objectif officiel,"Découvrir le monde du vivant, de la matière et des objets",Découvrir les animaux et les végétaux,À partir de 5 ans ou dès que les apprentissages précédents ont pu être observés,GS,P26,60,Décrire les besoins essentiels de quelques animaux ou de végétaux.,Décrire les besoins essentiels de quelques animaux ou de végétaux.,Objectif transcrit ; situations et exemples à lire dans le programme,2026.1,Création de l’identité ; aucune filiation présumée avec la trame ou le pilote
VIVANT-O011,vivant-o011,objectif officiel,"Découvrir le monde du vivant, de la matière et des objets",Découvrir les animaux et les végétaux,À partir de 5 ans ou dès que les apprentissages précédents ont pu être observés,GS,P26,60,Contribuer à une action collective favorable à la préservation de la biodiversité dans un milieu proche de l’école.,Contribuer à une action collective favorable à la préservation de la biodiversité dans un milieu proche de l’école.,Objectif transcrit ; situations et exemples à lire dans le programme,2026.1,Création de l’identité ; aucune filiation présumée avec la trame ou le pilote
VIVANT-O012,vivant-o012,objectif officiel,"Découvrir le monde du vivant, de la matière et des objets",Découvrir le corps humain et la santé,À aborder avant 4 ans,PS,P26,60,Nommer et représenter quelques parties du corps humain.,Nommer et représenter quelques parties du corps humain.,Objectif transcrit ; situations et exemples à lire dans le programme,2026.1,Création de l’identité ; aucune filiation présumée avec la trame ou le pilote
VIVANT-O013,vivant-o013,objectif officiel,"Découvrir le monde du vivant, de la matière et des objets",Découvrir le corps humain et la santé,À aborder avant 4 ans,PS,P26,61,Découvrir les sens utilisés lors d’expériences sensorielles variées.,Découvrir les sens utilisés lors d’expériences sensorielles variées.,Objectif transcrit ; situations et exemples à lire dans le programme,2026.1,Création de l’identité ; aucune filiation présumée avec la trame ou le pilote
VIVANT-O014,vivant-o014,objectif officiel,"Découvrir le monde du vivant, de la matière et des objets",Découvrir le corps humain et la santé,À aborder avant 4 ans,PS,P26,61,"Respecter quelques règles d’hygiène de vie, à l’invitation de l’adulte.","Respecter quelques règles d’hygiène de vie, à l’invitation de l’adulte.",Objectif transcrit ; situations et exemples à lire dans le programme,2026.1,Création de l’identité ; aucune filiation présumée avec la trame ou le pilote
VIVANT-O015,vivant-o015,objectif officiel,"Découvrir le monde du vivant, de la matière et des objets",Découvrir le corps humain et la santé,À partir de 4 ans ou dès que les apprentissages précédents ont pu être observés,MS,P26,61,Identifier et nommer les parties du corps humain.,Identifier et nommer les parties du corps humain.,Objectif transcrit ; situations et exemples à lire dans le programme,2026.1,Création de l’identité ; aucune filiation présumée avec la trame ou le pilote
VIVANT-O016,vivant-o016,objectif officiel,"Découvrir le monde du vivant, de la matière et des objets",Découvrir le corps humain et la santé,À partir de 4 ans ou dès que les apprentissages précédents ont pu être observés,MS,P26,61,Identifier et nommer des organes sensoriels et les modalités de perception associées.,Identifier et nommer des organes sensoriels et les modalités de perception associées.,Objectif transcrit ; situations et exemples à lire dans le programme,2026.1,Création de l’identité ; aucune filiation présumée avec la trame ou le pilote
VIVANT-O017,vivant-o017,objectif officiel,"Découvrir le monde du vivant, de la matière et des objets",Découvrir le corps humain et la santé,À partir de 4 ans ou dès que les apprentissages précédents ont pu être observés,MS,P26,61,Observer des changements liés à sa croissance.,Observer des changements liés à sa croissance.,Objectif transcrit ; situations et exemples à lire dans le programme,2026.1,Création de l’identité ; aucune filiation présumée avec la trame ou le pilote
VIVANT-O018,vivant-o018,objectif officiel,"Découvrir le monde du vivant, de la matière et des objets",Découvrir le corps humain et la santé,À partir de 4 ans ou dès que les apprentissages précédents ont pu être observés,MS,P26,61,Connaitre quelques règles d’hygiène corporelle et de propreté.,Connaitre quelques règles d’hygiène corporelle et de propreté.,Objectif transcrit ; situations et exemples à lire dans le programme,2026.1,Création de l’identité ; aucune filiation présumée avec la trame ou le pilote
VIVANT-O019,vivant-o019,objectif officiel,"Découvrir le monde du vivant, de la matière et des objets",Découvrir le corps humain et la santé,À partir de 5 ans ou dès que les apprentissages précédents ont pu être observés,GS,P26,61,Identifier et nommer quelques articulations et la segmentation des membres.,Identifier et nommer quelques articulations et la segmentation des membres.,Objectif transcrit ; situations et exemples à lire dans le programme,2026.1,Création de l’identité ; aucune filiation présumée avec la trame ou le pilote
VIVANT-O020,vivant-o020,objectif officiel,"Découvrir le monde du vivant, de la matière et des objets",Découvrir le corps humain et la santé,À partir de 5 ans ou dès que les apprentissages précédents ont pu être observés,GS,P26,61,Se représenter avec un corps articulé en mouvement.,Se représenter avec un corps articulé en mouvement.,Objectif transcrit ; situations et exemples à lire dans le programme,2026.1,Création de l’identité ; aucune filiation présumée avec la trame ou le pilote
VIVANT-O021,vivant-o021,objectif officiel,"Découvrir le monde du vivant, de la matière et des objets",Découvrir le corps humain et la santé,À partir de 5 ans ou dès que les apprentissages précédents ont pu être observés,GS,P26,61,Connaitre quelques étapes de la vie d’un enfant jusqu’à six ans.,Connaitre quelques étapes de la vie d’un enfant jusqu’à six ans.,Objectif transcrit ; situations et exemples à lire dans le programme,2026.1,Création de l’identité ; aucune filiation présumée avec la trame ou le pilote
VIVANT-O022,vivant-o022,objectif officiel,"Découvrir le monde du vivant, de la matière et des objets",Découvrir les objets et les matériaux,À aborder avant 4 ans,PS,P26,62,Reconnaitre et comparer des matériaux usuels à partir de perceptions sensorielles.,Reconnaitre et comparer des matériaux usuels à partir de perceptions sensorielles.,Objectif transcrit ; situations et exemples à lire dans le programme,2026.1,Création de l’identité ; aucune filiation présumée avec la trame ou le pilote
VIVANT-O023,vivant-o023,objectif officiel,"Découvrir le monde du vivant, de la matière et des objets",Découvrir les objets et les matériaux,À aborder avant 4 ans,PS,P26,62,Repérer des transformations de matériaux sous l’effet d’actions mécaniques avec les mains ou avec des outils.,Repérer des transformations de matériaux sous l’effet d’actions mécaniques avec les mains ou avec des outils.,Objectif transcrit ; situations et exemples à lire dans le programme,2026.1,Création de l’identité ; aucune filiation présumée avec la trame ou le pilote
VIVANT-O024,vivant-o024,objectif officiel,"Découvrir le monde du vivant, de la matière et des objets",Découvrir les objets et les matériaux,À aborder avant 4 ans,PS,P26,62,"Utiliser des objets, connaitre leur nom et leur fonction.","Utiliser des objets, connaitre leur nom et leur fonction.",Objectif transcrit ; situations et exemples à lire dans le programme,2026.1,Création de l’identité ; aucune filiation présumée avec la trame ou le pilote
VIVANT-O025,vivant-o025,objectif officiel,"Découvrir le monde du vivant, de la matière et des objets",Découvrir les objets et les matériaux,À aborder avant 4 ans,PS,P26,62,"Réaliser une construction, fabriquer un objet librement ou par un guidage pas à pas.","Réaliser une construction, fabriquer un objet librement ou par un guidage pas à pas.",Objectif transcrit ; situations et exemples à lire dans le programme,2026.1,Création de l’identité ; aucune filiation présumée avec la trame ou le pilote
VIVANT-O026,vivant-o026,objectif officiel,"Découvrir le monde du vivant, de la matière et des objets",Découvrir les objets et les matériaux,À partir de 4 ans ou dès que les apprentissages précédents ont pu être observés,MS,P26,62,Différencier des matériaux en fonction de leurs propriétés et différencier un objet du matériau qui le constitue.,Différencier des matériaux en fonction de leurs propriétés et différencier un objet du matériau qui le constitue.,Objectif transcrit ; situations et exemples à lire dans le programme,2026.1,Création de l’identité ; aucune filiation présumée avec la trame ou le pilote
VIVANT-O027,vivant-o027,objectif officiel,"Découvrir le monde du vivant, de la matière et des objets",Découvrir les objets et les matériaux,À partir de 4 ans ou dès que les apprentissages précédents ont pu être observés,MS,P26,62,Désigner et utiliser des outils ou des objets adaptés à une situation et à une action technique.,Désigner et utiliser des outils ou des objets adaptés à une situation et à une action technique.,Objectif transcrit ; situations et exemples à lire dans le programme,2026.1,Création de l’identité ; aucune filiation présumée avec la trame ou le pilote
VIVANT-O028,vivant-o028,objectif officiel,"Découvrir le monde du vivant, de la matière et des objets",Découvrir les objets et les matériaux,À partir de 4 ans ou dès que les apprentissages précédents ont pu être observés,MS,P26,62,"Réaliser une construction, fabriquer un objet à partir d’un modèle.","Réaliser une construction, fabriquer un objet à partir d’un modèle.",Objectif transcrit ; situations et exemples à lire dans le programme,2026.1,Création de l’identité ; aucune filiation présumée avec la trame ou le pilote
VIVANT-O029,vivant-o029,objectif officiel,"Découvrir le monde du vivant, de la matière et des objets",Découvrir les objets et les matériaux,À partir de 4 ans ou dès que les apprentissages précédents ont pu être observés,MS,P26,62,Reproduire quelques gestes respectueux de l’environnement montrés par l’adulte.,Reproduire quelques gestes respectueux de l’environnement montrés par l’adulte.,Objectif transcrit ; situations et exemples à lire dans le programme,2026.1,Création de l’identité ; aucune filiation présumée avec la trame ou le pilote
VIVANT-O030,vivant-o030,objectif officiel,"Découvrir le monde du vivant, de la matière et des objets",Découvrir les objets et les matériaux,À partir de 5 ans ou dès que les apprentissages précédents ont pu être observés,GS,P26,62,Associer une solution technique à une fonction technique.,Associer une solution technique à une fonction technique.,Objectif transcrit ; situations et exemples à lire dans le programme,2026.1,Création de l’identité ; aucune filiation présumée avec la trame ou le pilote
VIVANT-O031,vivant-o031,objectif officiel,"Découvrir le monde du vivant, de la matière et des objets",Découvrir les objets et les matériaux,À partir de 5 ans ou dès que les apprentissages précédents ont pu être observés,GS,P26,62,"Fabriquer un objet en réponse à un besoin en exploitant des propriétés de matériaux ou des phénomènes physiques (équilibre, magnétisme, perméabilité, opacité ou transparence).","Fabriquer un objet en réponse à un besoin en exploitant des propriétés de matériaux ou des phénomènes physiques (équilibre, magnétisme, perméabilité, opacité ou transparence).",Objectif transcrit ; situations et exemples à lire dans le programme,2026.1,Création de l’identité ; aucune filiation présumée avec la trame ou le pilote
VIVANT-O032,vivant-o032,objectif officiel,"Découvrir le monde du vivant, de la matière et des objets",Découvrir les objets et les matériaux,À partir de 5 ans ou dès que les apprentissages précédents ont pu être observés,GS,P26,"62,63","Explorer la notion de flottabilité avec des objets pleins constitués d’une seule et même matière : observer que, plongés dans l’eau, ils flottent tous ou coulent tous.","Explorer la notion de flottabilité avec des objets pleins constitués d’une seule et même matière : observer que, plongés dans l’eau, ils flottent tous ou coulent tous.",Objectif transcrit ; situations et exemples à lire dans le programme,2026.1,Création de l’identité ; aucune filiation présumée avec la trame ou le pilote
VIVANT-O033,vivant-o033,objectif officiel,"Découvrir le monde du vivant, de la matière et des objets",Découvrir les objets et les matériaux,À partir de 5 ans ou dès que les apprentissages précédents ont pu être observés,GS,P26,63,"Construire, fabriquer, réaliser en suivant une recette ou une fiche technique.","Construire, fabriquer, réaliser en suivant une recette ou une fiche technique.",Objectif transcrit ; situations et exemples à lire dans le programme,2026.1,Création de l’identité ; aucune filiation présumée avec la trame ou le pilote
VIVANT-O034,vivant-o034,objectif officiel,"Découvrir le monde du vivant, de la matière et des objets",Découvrir les objets et les matériaux,À partir de 5 ans ou dès que les apprentissages précédents ont pu être observés,GS,P26,63,Élaborer une suite d’instructions pour réaliser une tâche simple.,Élaborer une suite d’instructions pour réaliser une tâche simple.,Objectif transcrit ; situations et exemples à lire dans le programme,2026.1,Création de l’identité ; aucune filiation présumée avec la trame ou le pilote
VIVANT-O035,vivant-o035,objectif officiel,"Découvrir le monde du vivant, de la matière et des objets",Découvrir les objets et les matériaux,À partir de 5 ans ou dès que les apprentissages précédents ont pu être observés,GS,P26,63,Identifier et prévenir les risques liés à certains objets.,Identifier et prévenir les risques liés à certains objets.,Objectif transcrit ; situations et exemples à lire dans le programme,2026.1,Création de l’identité ; aucune filiation présumée avec la trame ou le pilote
VIVANT-O036,vivant-o036,objectif officiel,"Découvrir le monde du vivant, de la matière et des objets",Découvrir les états de la matière et les mélanges,À aborder avant 4 ans,PS,P26,63,Explorer quelques caractéristiques des solides et des liquides.,Explorer quelques caractéristiques des solides et des liquides.,Objectif transcrit ; situations et exemples à lire dans le programme,2026.1,Création de l’identité ; aucune filiation présumée avec la trame ou le pilote
VIVANT-O037,vivant-o037,objectif officiel,"Découvrir le monde du vivant, de la matière et des objets",Découvrir les états de la matière et les mélanges,À aborder avant 4 ans,PS,P26,63,Constater les effets d’un déplacement d’air sur des objets ou sur soi-même.,Constater les effets d’un déplacement d’air sur des objets ou sur soi-même.,Objectif transcrit ; situations et exemples à lire dans le programme,2026.1,Création de l’identité ; aucune filiation présumée avec la trame ou le pilote
VIVANT-O038,vivant-o038,objectif officiel,"Découvrir le monde du vivant, de la matière et des objets",Découvrir les états de la matière et les mélanges,À aborder avant 4 ans,PS,P26,63,Réaliser et observer des mélanges.,Réaliser et observer des mélanges.,Objectif transcrit ; situations et exemples à lire dans le programme,2026.1,Création de l’identité ; aucune filiation présumée avec la trame ou le pilote
VIVANT-O039,vivant-o039,objectif officiel,"Découvrir le monde du vivant, de la matière et des objets",Découvrir les états de la matière et les mélanges,À aborder avant 4 ans,PS,P26,63,Découvrir et observer la fusion et la solidification de l’eau.,Découvrir et observer la fusion et la solidification de l’eau.,Objectif transcrit ; situations et exemples à lire dans le programme,2026.1,Création de l’identité ; aucune filiation présumée avec la trame ou le pilote
VIVANT-O040,vivant-o040,objectif officiel,"Découvrir le monde du vivant, de la matière et des objets",Découvrir les états de la matière et les mélanges,À partir de 4 ans ou dès que les apprentissages précédents ont pu être observés,MS,P26,63,Identifier une condition favorable à la fusion de la glace.,Identifier une condition favorable à la fusion de la glace.,Objectif transcrit ; situations et exemples à lire dans le programme,2026.1,Création de l’identité ; aucune filiation présumée avec la trame ou le pilote
VIVANT-O041,vivant-o041,objectif officiel,"Découvrir le monde du vivant, de la matière et des objets",Découvrir les états de la matière et les mélanges,À partir de 4 ans ou dès que les apprentissages précédents ont pu être observés,MS,P26,63,Mettre en évidence la présence d’air en le mettant en mouvement.,Mettre en évidence la présence d’air en le mettant en mouvement.,Objectif transcrit ; situations et exemples à lire dans le programme,2026.1,Création de l’identité ; aucune filiation présumée avec la trame ou le pilote
VIVANT-O042,vivant-o042,objectif officiel,"Découvrir le monde du vivant, de la matière et des objets",Découvrir les états de la matière et les mélanges,À partir de 4 ans ou dès que les apprentissages précédents ont pu être observés,MS,P26,63,Distinguer les solides qui se dissolvent dans l’eau de ceux qui ne se dissolvent pas.,Distinguer les solides qui se dissolvent dans l’eau de ceux qui ne se dissolvent pas.,Objectif transcrit ; situations et exemples à lire dans le programme,2026.1,Création de l’identité ; aucune filiation présumée avec la trame ou le pilote
VIVANT-O043,vivant-o043,objectif officiel,"Découvrir le monde du vivant, de la matière et des objets",Découvrir les états de la matière et les mélanges,À partir de 5 ans ou dès que les apprentissages précédents ont pu être observés,GS,P26,63,Identifier et nommer l’état de l’eau dans différentes situations.,Identifier et nommer l’état de l’eau dans différentes situations.,Objectif transcrit ; situations et exemples à lire dans le programme,2026.1,Création de l’identité ; aucune filiation présumée avec la trame ou le pilote
VIVANT-O044,vivant-o044,objectif officiel,"Découvrir le monde du vivant, de la matière et des objets",Découvrir les états de la matière et les mélanges,À partir de 5 ans ou dès que les apprentissages précédents ont pu être observés,GS,P26,63,Identifier la présence de l’air quand il est perceptible par les sens.,Identifier la présence de l’air quand il est perceptible par les sens.,Objectif transcrit ; situations et exemples à lire dans le programme,2026.1,Création de l’identité ; aucune filiation présumée avec la trame ou le pilote
VIVANT-O045,vivant-o045,objectif officiel,"Découvrir le monde du vivant, de la matière et des objets",Découvrir les états de la matière et les mélanges,À partir de 5 ans ou dès que les apprentissages précédents ont pu être observés,GS,P26,63,"Distinguer, parmi quelques solides, ceux qui peuvent se dissoudre dans l’eau.","Distinguer, parmi quelques solides, ceux qui peuvent se dissoudre dans l’eau.",Objectif transcrit ; situations et exemples à lire dans le programme,2026.1,Création de l’identité ; aucune filiation présumée avec la trame ou le pilote
VIVANT-O046,vivant-o046,objectif officiel,"Découvrir le monde du vivant, de la matière et des objets",Découvrir les états de la matière et les mélanges,À partir de 5 ans ou dès que les apprentissages précédents ont pu être observés,GS,P26,63,Commencer à agir de manière autonome pour le respect de l’environnement.,Commencer à agir de manière autonome pour le respect de l’environnement.,Objectif transcrit ; situations et exemples à lire dans le programme,2026.1,Création de l’identité ; aucune filiation présumée avec la trame ou le pilote
VIVANT-O047,vivant-o047,objectif officiel,"Découvrir le monde du vivant, de la matière et des objets",Découvrir les états de la matière et les mélanges,À partir de 5 ans ou dès que les apprentissages précédents ont pu être observés,GS,P26,63,Prendre en compte les risques de l’environnement familier.,Prendre en compte les risques de l’environnement familier.,Objectif transcrit ; situations et exemples à lire dans le programme,2026.1,Création de l’identité ; aucune filiation présumée avec la trame ou le pilote
EVAR-O001,evar-o001,objectif officiel,EVAR — section complémentaire,"Se connaître, vivre et grandir avec son corps",À aborder avant 4 ans,PS,E25,10,Connaître son corps et comprendre ce qu’est l’intimité.,Connaître son corps et comprendre ce qu’est l’intimité.,Objectif transcrit ; situations et exemples à lire dans le programme,2026.1,Création de l’identité ; aucune filiation présumée avec la trame ou le pilote
EVAR-O002,evar-o002,objectif officiel,EVAR — section complémentaire,"Rencontrer les autres et construire des relations, s’y épanouir",À aborder avant 4 ans,PS,E25,11,"Apprendre à exprimer son accord ou son refus, apprendre à envisager et à respecter un refus.","Apprendre à exprimer son accord ou son refus, apprendre à envisager et à respecter un refus.",Objectif transcrit ; situations et exemples à lire dans le programme,2026.1,Création de l’identité ; aucune filiation présumée avec la trame ou le pilote
EVAR-O003,evar-o003,objectif officiel,EVAR — section complémentaire,"Trouver sa place dans la société, y être libre et responsable",À aborder avant 4 ans,PS,E25,11,Appréhender et comprendre l’égalité entre les filles et les garçons et la liberté d’être soi-même.,Appréhender et comprendre l’égalité entre les filles et les garçons et la liberté d’être soi-même.,Objectif transcrit ; situations et exemples à lire dans le programme,2026.1,Création de l’identité ; aucune filiation présumée avec la trame ou le pilote
EVAR-O004,evar-o004,objectif officiel,EVAR — section complémentaire,"Se connaître, vivre et grandir avec son corps",À partir de 4 ans ou dès que les apprentissages précédents ont pu être observés,MS,E25,12,Connaître son corps et identifier des émotions.,Connaître son corps et identifier des émotions.,Objectif transcrit ; situations et exemples à lire dans le programme,2026.1,Création de l’identité ; aucune filiation présumée avec la trame ou le pilote
EVAR-O005,evar-o005,objectif officiel,EVAR — section complémentaire,"Rencontrer les autres et construire des relations, s’y épanouir",À partir de 4 ans ou dès que les apprentissages précédents ont pu être observés,MS,E25,12,"Identifier une personne de confiance (adulte, enfant), apprendre à faire appel à eux.","Identifier une personne de confiance (adulte, enfant), apprendre à faire appel à eux.",Objectif transcrit ; situations et exemples à lire dans le programme,2026.1,Création de l’identité ; aucune filiation présumée avec la trame ou le pilote
EVAR-O006,evar-o006,objectif officiel,EVAR — section complémentaire,"Trouver sa place dans la société, y être libre et responsable",À partir de 4 ans ou dès que les apprentissages précédents ont pu être observés,MS,E25,13,Vivre l’égalité entre les filles et les garçons. Découvrir les différentes structures familiales et les respecter.,Vivre l’égalité entre les filles et les garçons. Découvrir les différentes structures familiales et les respecter.,Objectif transcrit ; situations et exemples à lire dans le programme,2026.1,Création de l’identité ; aucune filiation présumée avec la trame ou le pilote
EVAR-O007,evar-o007,objectif officiel,EVAR — section complémentaire,"Se connaître, vivre et grandir avec son corps",À partir de 5 ans ou dès que les apprentissages précédents ont pu être observés,GS,E25,14,"Connaître son corps, ses sensations et ses émotions.","Connaître son corps, ses sensations et ses émotions.",Objectif transcrit ; situations et exemples à lire dans le programme,2026.1,Création de l’identité ; aucune filiation présumée avec la trame ou le pilote
EVAR-O008,evar-o008,objectif officiel,EVAR — section complémentaire,"Rencontrer les autres et construire des relations, s’y épanouir",À partir de 5 ans ou dès que les apprentissages précédents ont pu être observés,GS,E25,14,Identifier différents types de sentiments dans sa relation à l’autre.,Identifier différents types de sentiments dans sa relation à l’autre.,Objectif transcrit ; situations et exemples à lire dans le programme,2026.1,Création de l’identité ; aucune filiation présumée avec la trame ou le pilote
EVAR-O009,evar-o009,objectif officiel,EVAR — section complémentaire,"Trouver sa place dans la société, y être libre et responsable",À partir de 5 ans ou dès que les apprentissages précédents ont pu être observés,GS,E25,15,"Découvrir les ressemblances et les différences entre les autres et soi, respecter les autres dans leur différence ; être respecté par eux.","Découvrir les ressemblances et les différences entre les autres et soi, respecter les autres dans leur différence ; être respecté par eux.",Objectif transcrit ; situations et exemples à lire dans le programme,2026.1,Création de l’identité ; aucune filiation présumée avec la trame ou le pilote
R01,r-dire-action-presente,repère Petits Pas,Le développement et la structuration du langage oral et écrit,Produire des discours variés,À aborder avant 4 ans,PS,P26,12,Dire ce qu’on fait.,Je dis ce que je suis en train de faire.,"Voir notice de sens R01 du registre #CR2 ; lien documentaire, sans équivalence",2026.1,Nouvelle source ; identité proposée reprise du pilote sans transfert de suivi
R02,r-expliquer-procedure,repère Petits Pas,Le développement et la structuration du langage oral et écrit,Produire des discours variés,À partir de 4 ans ou dès que les apprentissages précédents ont pu être observés,MS,P26,12,Dire comment on a fait ou comment on va faire.,J'explique comment j'ai fait ou comment je vais faire.,"Voir notice de sens R02 du registre #CR2 ; lien documentaire, sans équivalence",2026.1,Nouvelle source ; identité proposée reprise du pilote sans transfert de suivi
R06,r-saut-obstacle-sans-elan,repère Petits Pas,"Agir, s’exprimer, comprendre à travers les activités physiques","Manipuler, courir, sauter, lancer, s’orienter",À aborder avant 4 ans,PS,P26,23,Sauter sans élan un obstacle.,Je franchis un obstacle en sautant sans prendre d'élan.,"Voir notice de sens R06 du registre #CR2 ; lien documentaire, sans équivalence",2026.1,Nouvelle source ; identité proposée reprise du pilote sans transfert de suivi
R07,r-emotion-apres-musique,repère Petits Pas,"Agir, s’exprimer, comprendre à travers les activités artistiques",Affiner son écoute,À partir de 4 ans ou dès que les apprentissages précédents ont pu être observés,MS,P26,33,Exprimer ses émotions après l’écoute d’un extrait musical.,Je dis ce que je ressens après avoir écouté un extrait musical.,"Voir notice de sens R07 du registre #CR2 ; lien documentaire, sans équivalence",2026.1,Nouvelle source ; identité proposée reprise du pilote sans transfert de suivi
R03,r-denombrer-jusqua3voire4,repère Petits Pas,L’acquisition des premiers outils mathématiques,Exprimer une quantité par un nombre,À aborder avant 4 ans,PS,P26,38,"Dénombrer une collection d’objets (jusqu’à trois, voire quatre).","Je trouve combien il y a d'objets, jusqu'à trois, voire quatre.","Voir notice de sens R03 du registre #CR2 ; lien documentaire, sans équivalence",2026.1,Nouvelle source ; identité proposée reprise du pilote sans transfert de suivi
R04,r-denombrer-jusqua6,repère Petits Pas,L’acquisition des premiers outils mathématiques,Exprimer une quantité par un nombre,À partir de 4 ans ou dès que les apprentissages précédents ont pu être observés,MS,P26,40,Dénombrer une collection d’objets (jusqu’à six).,"Je trouve combien il y a d'objets, jusqu'à six.","Voir notice de sens R04 du registre #CR2 ; lien documentaire, sans équivalence",2026.1,Nouvelle source ; identité proposée reprise du pilote sans transfert de suivi
R05,r-reciter-suite1a30,repère Petits Pas,L’acquisition des premiers outils mathématiques,Exprimer une quantité par un nombre,À partir de 5 ans ou dès que les apprentissages précédents ont pu être observés,GS,P26,42,Connaitre et utiliser la comptine numérique jusqu’à trente.,Je récite les nombres de un à trente dans l'ordre.,"Voir notice de sens R05 du registre #CR2 ; lien documentaire, sans équivalence",2026.1,Nouvelle source ; identité proposée reprise du pilote sans transfert de suivi
R08,r-enoncer-date,repère Petits Pas,Se repérer dans le temps et l’espace,Se repérer dans le temps,À partir de 5 ans ou dès que les apprentissages précédents ont pu être observés,GS,P26,54,Énoncer la date.,Je dis la date du jour.,"Voir notice de sens R08 du registre #CR2 ; lien documentaire, sans équivalence",2026.1,Nouvelle source ; identité proposée reprise du pilote sans transfert de suivi
R09,r-soins-plantations,repère Petits Pas,"Découvrir le monde du vivant, de la matière et des objets",Découvrir les animaux et les végétaux,À aborder avant 4 ans,PS,P26,60,Prodiguer des soins nécessaires aux élevages et aux cultures.,Je participe aux soins des plantations de la classe.,"Voir notice de sens R09 du registre #CR2 ; lien documentaire, sans équivalence",2026.1,Nouvelle source ; identité proposée reprise du pilote sans transfert de suivi
R10,r-exprimer-refus,repère Petits Pas,EVAR — section complémentaire,"Rencontrer les autres et construire des relations, s’y épanouir",À aborder avant 4 ans,PS,E25,11,"Apprendre à exprimer son accord ou son refus, apprendre à envisager et à respecter un refus.",Je peux dire ou montrer que je ne suis pas d'accord.,"Voir notice de sens R10 du registre #CR2 ; lien documentaire, sans équivalence",2026.1,Nouvelle source ; identité proposée reprise du pilote sans transfert de suivi
R11,r-demander-aide-adulte,repère Petits Pas,EVAR — section complémentaire,"Rencontrer les autres et construire des relations, s’y épanouir",À partir de 4 ans ou dès que les apprentissages précédents ont pu être observés,MS,E25,12,"Identifier une personne de confiance (adulte, enfant), apprendre à faire appel à eux.",Je demande de l'aide à un adulte de confiance quand j'en ai besoin.,"Voir notice de sens R11 du registre #CR2 ; lien documentaire, sans équivalence",2026.1,Nouvelle source ; identité proposée reprise du pilote sans transfert de suivi
R12,r-nommer-emotion-personnage,repère Petits Pas,EVAR — section complémentaire,"Se connaître, vivre et grandir avec son corps",À partir de 4 ans ou dès que les apprentissages précédents ont pu être observés,MS,E25,12,Connaître son corps et identifier des émotions.,Je nomme une émotion d'un personnage dans une histoire.,"Voir notice de sens R12 du registre #CR2 ; lien documentaire, sans équivalence",2026.1,Nouvelle source ; identité proposée reprise du pilote sans transfert de suivi
