identite,code,domaine,sous_domaine,niveau,fichier,paragraphes_xml,texte,repere_programme_petits_pas,premiere_version
cde-lang-o001,LANG-O001,Le développement et la structuration du langage oral et écrit,Enrichir son vocabulaire,PS,Programmes-CYCLE-1-FR-Langage-PS.docx,4,"Comprendre, mémoriser, réemployer les mots des corpus enseignés (2 par période).",lang-o001,2026.1
cde-lang-o002,LANG-O002,Le développement et la structuration du langage oral et écrit,Enrichir son vocabulaire,PS,Programmes-CYCLE-1-FR-Langage-PS.docx,5,Organiser les mots en catégorie et en réseau.,lang-o002,2026.1
cde-lang-o003,LANG-O003,Le développement et la structuration du langage oral et écrit,Enrichir son vocabulaire,MS,Programmes-CYCLE-1-FR-Langage-MS.docx,3,"Comprendre, mémoriser, réemployer les mots des corpus enseignés (2 par période).",lang-o003,2026.1
cde-lang-o004,LANG-O004,Le développement et la structuration du langage oral et écrit,Enrichir son vocabulaire,MS,Programmes-CYCLE-1-FR-Langage-MS.docx,4,Organiser les mots en catégorie et en réseau.,lang-o004,2026.1
cde-lang-o005,LANG-O005,Le développement et la structuration du langage oral et écrit,Enrichir son vocabulaire,GS,Programmes-CYCLE-1-FR-Langage-GS.docx,3,"Comprendre, mémoriser, réemployer les mots des corpus enseignés (3 par période).",lang-o005,2026.1
cde-lang-o006,LANG-O006,Le développement et la structuration du langage oral et écrit,Enrichir son vocabulaire,GS,Programmes-CYCLE-1-FR-Langage-GS.docx,4,Organiser les mots en catégorie et en réseau.,lang-o006,2026.1
cde-lang-o007,LANG-O007,Le développement et la structuration du langage oral et écrit,Développer sa syntaxe,PS,Programmes-CYCLE-1-FR-Langage-PS.docx,7,Diversifier les pronoms employés.,lang-o007,2026.1
cde-lang-o008,LANG-O008,Le développement et la structuration du langage oral et écrit,Développer sa syntaxe,PS,Programmes-CYCLE-1-FR-Langage-PS.docx,8,Construire à l’oral un système de temps de plus en plus efficace.,lang-o008,2026.1
cde-lang-o009,LANG-O009,Le développement et la structuration du langage oral et écrit,Développer sa syntaxe,PS,Programmes-CYCLE-1-FR-Langage-PS.docx,9,Formuler des énoncés de plus en plus complexes.,lang-o009,2026.1
cde-lang-o010,LANG-O010,Le développement et la structuration du langage oral et écrit,Développer sa syntaxe,MS,Programmes-CYCLE-1-FR-Langage-MS.docx,6,Diversifier les pronoms employés.,lang-o010,2026.1
cde-lang-o011,LANG-O011,Le développement et la structuration du langage oral et écrit,Développer sa syntaxe,MS,Programmes-CYCLE-1-FR-Langage-MS.docx,7,Construire à l’oral un système de temps de plus en plus efficace.,lang-o011,2026.1
cde-lang-o012,LANG-O012,Le développement et la structuration du langage oral et écrit,Développer sa syntaxe,MS,Programmes-CYCLE-1-FR-Langage-MS.docx,8,Formuler des énoncés de plus en plus complexes.,lang-o012,2026.1
cde-lang-o013,LANG-O013,Le développement et la structuration du langage oral et écrit,Développer sa syntaxe,GS,Programmes-CYCLE-1-FR-Langage-GS.docx,6,Diversifier les pronoms employés.,lang-o013,2026.1
cde-lang-o014,LANG-O014,Le développement et la structuration du langage oral et écrit,Développer sa syntaxe,GS,Programmes-CYCLE-1-FR-Langage-GS.docx,7,Construire à l’oral un système de temps de plus en plus efficace.,lang-o014,2026.1
cde-lang-o015,LANG-O015,Le développement et la structuration du langage oral et écrit,Développer sa syntaxe,GS,Programmes-CYCLE-1-FR-Langage-GS.docx,8,Formuler des énoncés de plus en plus complexes.,lang-o015,2026.1
cde-lang-o016,LANG-O016,Le développement et la structuration du langage oral et écrit,Articuler distinctement,PS,Programmes-CYCLE-1-FR-Langage-PS.docx,11,"Articuler distinctement les couples de consonnes proches suivants : t/k, f/s, m/n.",lang-o016,2026.1
cde-lang-o017,LANG-O017,Le développement et la structuration du langage oral et écrit,Articuler distinctement,MS,Programmes-CYCLE-1-FR-Langage-MS.docx,10,"Distinguer et produire correctement les nasales : é/in, a/an, o/on. - Articuler distinctement les couples de consonnes proches suivants : f/v, s/z, p/b, t/d, k/g.",lang-o017,2026.1
cde-lang-o018,LANG-O018,Le développement et la structuration du langage oral et écrit,Articuler distinctement,MS,Programmes-CYCLE-1-FR-Langage-MS.docx,10,"Distinguer et produire correctement les nasales : é/in, a/an, o/on. - Articuler distinctement les couples de consonnes proches suivants : f/v, s/z, p/b, t/d, k/g.",lang-o018,2026.1
cde-lang-o019,LANG-O019,Le développement et la structuration du langage oral et écrit,Articuler distinctement,GS,Programmes-CYCLE-1-FR-Langage-GS.docx,10,"Prononcer correctement les couples de consonnes proches suivants : ch/s, ch/j, ch/z.",lang-o019,2026.1
cde-lang-o020,LANG-O020,Le développement et la structuration du langage oral et écrit,Articuler distinctement,GS,Programmes-CYCLE-1-FR-Langage-GS.docx,11,Prononcer correctement les doubles consonnes : br/cr/bl/pl/sl.,lang-o020,2026.1
cde-lang-o021,LANG-O021,Le développement et la structuration du langage oral et écrit,Produire des discours variés,PS,Programmes-CYCLE-1-FR-Langage-PS.docx,13,Entrer en communication verbale avec un adulte ou un autre élève.,lang-o021,2026.1
cde-lang-o022,LANG-O022,Le développement et la structuration du langage oral et écrit,Produire des discours variés,PS,Programmes-CYCLE-1-FR-Langage-PS.docx,14,Dire ce qu’on fait.,o-dire-action-presente,2026.1
cde-lang-o023,LANG-O023,Le développement et la structuration du langage oral et écrit,Produire des discours variés,PS,Programmes-CYCLE-1-FR-Langage-PS.docx,15,"Dire ce qu’on a fait et, peu à peu, ce qu’on va faire.",lang-o023,2026.1
cde-lang-o024,LANG-O024,Le développement et la structuration du langage oral et écrit,Produire des discours variés,PS,Programmes-CYCLE-1-FR-Langage-PS.docx,16,Prendre part à l’oralisation d’un court texte mémorisé.,lang-o024,2026.1
cde-lang-o025,LANG-O025,Le développement et la structuration du langage oral et écrit,Produire des discours variés,MS,Programmes-CYCLE-1-FR-Langage-MS.docx,12,Dire ce qu’on va faire.,lang-o025,2026.1
cde-lang-o026,LANG-O026,Le développement et la structuration du langage oral et écrit,Produire des discours variés,MS,Programmes-CYCLE-1-FR-Langage-MS.docx,13,Dire comment on a fait ou comment on va faire.,lang-o026,2026.1
cde-lang-o027,LANG-O027,Le développement et la structuration du langage oral et écrit,Produire des discours variés,MS,Programmes-CYCLE-1-FR-Langage-MS.docx,14,Oraliser un court texte mémorisé.,lang-o027,2026.1
cde-lang-o028,LANG-O028,Le développement et la structuration du langage oral et écrit,Produire des discours variés,MS,Programmes-CYCLE-1-FR-Langage-MS.docx,15,Participer à des échanges en restant dans le propos.,lang-o028,2026.1
cde-lang-o029,LANG-O029,Le développement et la structuration du langage oral et écrit,Produire des discours variés,GS,Programmes-CYCLE-1-FR-Langage-GS.docx,13,Décrire une action ou une activité qui a été menée par un autre élève.,lang-o029,2026.1
cde-lang-o030,LANG-O030,Le développement et la structuration du langage oral et écrit,Produire des discours variés,GS,Programmes-CYCLE-1-FR-Langage-GS.docx,14,"Se faire comprendre, par le truchement du langage, d’un adulte qui ne connait rien à la situation évoquée.",lang-o030,2026.1
cde-lang-o031,LANG-O031,Le développement et la structuration du langage oral et écrit,Produire des discours variés,GS,Programmes-CYCLE-1-FR-Langage-GS.docx,15,Participer à une conversation avec un adulte ou des pairs et reformuler son propos s’il n’a pas été compris.,lang-o031,2026.1
cde-lang-o032,LANG-O032,Le développement et la structuration du langage oral et écrit,Produire des discours variés,GS,Programmes-CYCLE-1-FR-Langage-GS.docx,16,Émettre une hypothèse.,lang-o032,2026.1
cde-lang-o033,LANG-O033,Le développement et la structuration du langage oral et écrit,Acquérir les habiletés phonologiques et le principe alphabétique,PS,Programmes-CYCLE-1-FR-Langage-PS.docx,21,"Identifier les sons de la langue, lors de situations d’écoute proposées par le professeur.",lang-o033,2026.1
cde-lang-o034,LANG-O034,Le développement et la structuration du langage oral et écrit,Acquérir les habiletés phonologiques et le principe alphabétique,PS,Programmes-CYCLE-1-FR-Langage-PS.docx,22,"Identifier un mot donné à l’oral dans une phrase, dans un texte.",lang-o034,2026.1
cde-lang-o035,LANG-O035,Le développement et la structuration du langage oral et écrit,Acquérir les habiletés phonologiques et le principe alphabétique,PS,Programmes-CYCLE-1-FR-Langage-PS.docx,24,Scander les syllabes d’un mot.,lang-o035,2026.1
cde-lang-o036,LANG-O036,Le développement et la structuration du langage oral et écrit,Acquérir les habiletés phonologiques et le principe alphabétique,PS,Programmes-CYCLE-1-FR-Langage-PS.docx,25,Dire des comptines courtes comprenant des phonèmes proches.,lang-o036,2026.1
cde-lang-o037,LANG-O037,Le développement et la structuration du langage oral et écrit,Acquérir les habiletés phonologiques et le principe alphabétique,PS,Programmes-CYCLE-1-FR-Langage-PS.docx,27,Reconnaitre et nommer certaines lettres de son prénom écrit en capitales.,lang-o037,2026.1
cde-lang-o038,LANG-O038,Le développement et la structuration du langage oral et écrit,Acquérir les habiletés phonologiques et le principe alphabétique,MS,Programmes-CYCLE-1-FR-Langage-MS.docx,20,"Utiliser la voix parlée, chantée et les possibilités vocales (imitation de sons, onomatopées) afin d’expérimenter différents sons.",lang-o038,2026.1
cde-lang-o039,LANG-O039,Le développement et la structuration du langage oral et écrit,Acquérir les habiletés phonologiques et le principe alphabétique,MS,Programmes-CYCLE-1-FR-Langage-MS.docx,21,"Entendre, discriminer des phonèmes.",lang-o039,2026.1
cde-lang-o040,LANG-O040,Le développement et la structuration du langage oral et écrit,Acquérir les habiletés phonologiques et le principe alphabétique,MS,Programmes-CYCLE-1-FR-Langage-MS.docx,23,Scander les syllabes d’un mot.,lang-o040,2026.1
cde-lang-o041,LANG-O041,Le développement et la structuration du langage oral et écrit,Acquérir les habiletés phonologiques et le principe alphabétique,MS,Programmes-CYCLE-1-FR-Langage-MS.docx,24,"Manipuler les syllabes d’un mot (ajout, suppression, permutation, répétition, fusion, substitution).",lang-o041,2026.1
cde-lang-o042,LANG-O042,Le développement et la structuration du langage oral et écrit,Acquérir les habiletés phonologiques et le principe alphabétique,MS,Programmes-CYCLE-1-FR-Langage-MS.docx,25,Dire des comptines courtes comprenant des phonèmes proches.,lang-o042,2026.1
cde-lang-o043,LANG-O043,Le développement et la structuration du langage oral et écrit,Acquérir les habiletés phonologiques et le principe alphabétique,MS,Programmes-CYCLE-1-FR-Langage-MS.docx,27,Nommer les lettres de son prénom et quelques lettres de mots connus (le professeur nomme systématiquement les lettres).,lang-o043,2026.1
cde-lang-o044,LANG-O044,Le développement et la structuration du langage oral et écrit,Acquérir les habiletés phonologiques et le principe alphabétique,MS,Programmes-CYCLE-1-FR-Langage-MS.docx,28,Connaitre la correspondance entre les lettres scriptes majuscules et minuscules et les lettres cursives minuscules.,lang-o044,2026.1
cde-lang-o045,LANG-O045,Le développement et la structuration du langage oral et écrit,Acquérir les habiletés phonologiques et le principe alphabétique,MS,Programmes-CYCLE-1-FR-Langage-MS.docx,30,Donner les valeurs sonores de quelques lettres de mots simples connus.,lang-o045,2026.1
cde-lang-o046,LANG-O046,Le développement et la structuration du langage oral et écrit,Acquérir les habiletés phonologiques et le principe alphabétique,GS,Programmes-CYCLE-1-FR-Langage-GS.docx,21,Utiliser les possibilités sonores de la voix.,lang-o046,2026.1
cde-lang-o047,LANG-O047,Le développement et la structuration du langage oral et écrit,Acquérir les habiletés phonologiques et le principe alphabétique,GS,Programmes-CYCLE-1-FR-Langage-GS.docx,22,Augmenter sa mémoire auditive et sa capacité de concentration.,lang-o047,2026.1
cde-lang-o048,LANG-O048,Le développement et la structuration du langage oral et écrit,Acquérir les habiletés phonologiques et le principe alphabétique,GS,Programmes-CYCLE-1-FR-Langage-GS.docx,24,"Supprimer, ajouter, remplacer, inverser, substituer, fusionner les syllabes d’un mot.",lang-o048,2026.1
cde-lang-o049,LANG-O049,Le développement et la structuration du langage oral et écrit,Acquérir les habiletés phonologiques et le principe alphabétique,GS,Programmes-CYCLE-1-FR-Langage-GS.docx,25,Repérer et produire des rimes et des assonances.,lang-o049,2026.1
cde-lang-o050,LANG-O050,Le développement et la structuration du langage oral et écrit,Acquérir les habiletés phonologiques et le principe alphabétique,GS,Programmes-CYCLE-1-FR-Langage-GS.docx,26,"Entendre, discriminer, manipuler des phonèmes.",lang-o050,2026.1
cde-lang-o051,LANG-O051,Le développement et la structuration du langage oral et écrit,Acquérir les habiletés phonologiques et le principe alphabétique,GS,Programmes-CYCLE-1-FR-Langage-GS.docx,28,Connaitre le nom des lettres de l’alphabet.,lang-o051,2026.1
cde-lang-o052,LANG-O052,Le développement et la structuration du langage oral et écrit,Acquérir les habiletés phonologiques et le principe alphabétique,GS,Programmes-CYCLE-1-FR-Langage-GS.docx,29,Connaitre les différentes graphies d’une même lettre (majuscule lettre capitale ; minuscules scriptes ; cursives).,lang-o052,2026.1
cde-lang-o053,LANG-O053,Le développement et la structuration du langage oral et écrit,Acquérir les habiletés phonologiques et le principe alphabétique,GS,Programmes-CYCLE-1-FR-Langage-GS.docx,30,"Distinguer des lettres visuellement proches (b/d, c/e/o, p/q) grâce à leur écriture cursive et les nommer correctement.",lang-o053,2026.1
cde-lang-o054,LANG-O054,Le développement et la structuration du langage oral et écrit,Acquérir les habiletés phonologiques et le principe alphabétique,GS,Programmes-CYCLE-1-FR-Langage-GS.docx,32,Connaitre le nom des lettres de l’alphabet et leur valeur sonore hormis les occlusives.,lang-o054,2026.1
cde-lang-o055,LANG-O055,Le développement et la structuration du langage oral et écrit,Acquérir les habiletés phonologiques et le principe alphabétique,GS,Programmes-CYCLE-1-FR-Langage-GS.docx,33,Discriminer des mots auditivement proches.,lang-o055,2026.1
cde-lang-o056,LANG-O056,Le développement et la structuration du langage oral et écrit,S’éveiller à la diversité linguistique,PS,Programmes-CYCLE-1-FR-Langage-PS.docx,34,"Écouter des chants, des comptines, des histoires connues dans des versions en français et en langue étrangère.",lang-o056,2026.1
cde-lang-o057,LANG-O057,Le développement et la structuration du langage oral et écrit,S’éveiller à la diversité linguistique,MS,Programmes-CYCLE-1-FR-Langage-MS.docx,35,"Participer à des jeux dans une autre langue : jeux de doigts, rondes, jeux dansés, mimes, jeux de cour, jeux de cartes.",lang-o057,2026.1
cde-lang-o058,LANG-O058,Le développement et la structuration du langage oral et écrit,S’éveiller à la diversité linguistique,MS,Programmes-CYCLE-1-FR-Langage-MS.docx,36,Comparer des histoires lues en français et dans une autre langue.,lang-o058,2026.1
cde-lang-o059,LANG-O059,Le développement et la structuration du langage oral et écrit,Écouter et comprendre différentes formes d’écrits,PS,Programmes-CYCLE-1-FR-Langage-PS.docx,38,"Repérer les outils fonctionnels utilisés quotidiennement en classe (étiquette du prénom, emploi du temps, affiches, etc.).",lang-o059,2026.1
cde-lang-o060,LANG-O060,Le développement et la structuration du langage oral et écrit,Écouter et comprendre différentes formes d’écrits,PS,Programmes-CYCLE-1-FR-Langage-PS.docx,39,"Reconnaitre quelques écrits utilisés et produits en classe (comptines, recettes, carnet de lecteur).",lang-o060,2026.1
cde-lang-o061,LANG-O061,Le développement et la structuration du langage oral et écrit,Écouter et comprendre différentes formes d’écrits,PS,Programmes-CYCLE-1-FR-Langage-PS.docx,41,"Reconnaitre un personnage, le nommer et le situer dans les illustrations.",lang-o061,2026.1
cde-lang-o062,LANG-O062,Le développement et la structuration du langage oral et écrit,Écouter et comprendre différentes formes d’écrits,PS,Programmes-CYCLE-1-FR-Langage-PS.docx,42,"Comprendre des histoires où l’enchainement des actions peut être rattaché à des expériences connues de la vie quotidienne (le bain, le coucher, etc.).",lang-o062,2026.1
cde-lang-o063,LANG-O063,Le développement et la structuration du langage oral et écrit,Écouter et comprendre différentes formes d’écrits,MS,Programmes-CYCLE-1-FR-Langage-MS.docx,40,"Reconnaitre, nommer et identifier la fonction de différents écrits rencontrés dans la vie courante.",lang-o063,2026.1
cde-lang-o064,LANG-O064,Le développement et la structuration du langage oral et écrit,Écouter et comprendre différentes formes d’écrits,MS,Programmes-CYCLE-1-FR-Langage-MS.docx,41,Prendre conscience de la notion de destinataire et de contenu de la requête adressée par un écrit.,lang-o064,2026.1
cde-lang-o065,LANG-O065,Le développement et la structuration du langage oral et écrit,Écouter et comprendre différentes formes d’écrits,MS,Programmes-CYCLE-1-FR-Langage-MS.docx,42,"Identifier et utiliser quotidiennement des outils fonctionnels pour se repérer, s’organiser, ranger.",lang-o065,2026.1
cde-lang-o066,LANG-O066,Le développement et la structuration du langage oral et écrit,Écouter et comprendre différentes formes d’écrits,MS,Programmes-CYCLE-1-FR-Langage-MS.docx,44,Identifier et décrire le personnage principal et les personnages secondaires.,lang-o066,2026.1
cde-lang-o067,LANG-O067,Le développement et la structuration du langage oral et écrit,Écouter et comprendre différentes formes d’écrits,MS,Programmes-CYCLE-1-FR-Langage-MS.docx,45,"Comprendre des histoires dont les actions sont organisées autour d’une structure répétitive (rencontres successives) et commencer à comprendre les informations implicites (émotions, états et sentiments des personnages).",lang-o067,2026.1
cde-lang-o068,LANG-O068,Le développement et la structuration du langage oral et écrit,Écouter et comprendre différentes formes d’écrits,GS,Programmes-CYCLE-1-FR-Langage-GS.docx,43,Différencier les types d’écrits et associer un écrit à un projet d’écriture ou de communication.,lang-o068,2026.1
cde-lang-o069,LANG-O069,Le développement et la structuration du langage oral et écrit,Écouter et comprendre différentes formes d’écrits,GS,Programmes-CYCLE-1-FR-Langage-GS.docx,44,"Repérer et dégager la structure et l’organisation (mise en page, typographie) de formes d’écrits fréquemment utilisés en classe (structure de la lettre, de la recette, du conte, d’un écrit documentaire, d’une notice de fabrication).",lang-o069,2026.1
cde-lang-o070,LANG-O070,Le développement et la structuration du langage oral et écrit,Écouter et comprendre différentes formes d’écrits,GS,Programmes-CYCLE-1-FR-Langage-GS.docx,46,"Construire les caractéristiques des personnages archétypaux (loup, princesse, ogre, sorcière, renard, fée, etc.).",lang-o070,2026.1
cde-lang-o071,LANG-O071,Le développement et la structuration du langage oral et écrit,Écouter et comprendre différentes formes d’écrits,GS,Programmes-CYCLE-1-FR-Langage-GS.docx,47,"Comprendre des histoires où l’enchainement des actions est lié au destin de personnages centraux ou secondaires qui évoluent et interagissent, dans des lieux diversifiés.",lang-o071,2026.1
cde-lang-o072,LANG-O072,Le développement et la structuration du langage oral et écrit,Écouter et comprendre différentes formes d’écrits,GS,Programmes-CYCLE-1-FR-Langage-GS.docx,48,"Comprendre les émotions, les intentions et les sentiments qui animent les personnages.",lang-o072,2026.1
cde-lang-o073,LANG-O073,Le développement et la structuration du langage oral et écrit,Écouter et comprendre différentes formes d’écrits,GS,Programmes-CYCLE-1-FR-Langage-GS.docx,49,Établir un lien entre la lecture effectuée et sa propre expérience.,lang-o073,2026.1
cde-lang-o074,LANG-O074,Le développement et la structuration du langage oral et écrit,Apprendre le geste d’écriture,PS,Programmes-CYCLE-1-FR-Langage-PS.docx,47,"Participer aux activités de motricité générale, de motricité fine et aux exercices de graphismes.",lang-o074,2026.1
cde-lang-o075,LANG-O075,Le développement et la structuration du langage oral et écrit,Apprendre le geste d’écriture,PS,Programmes-CYCLE-1-FR-Langage-PS.docx,48,Guider son geste par le regard lorsqu’il trace ou écrit.,lang-o075,2026.1
cde-lang-o076,LANG-O076,Le développement et la structuration du langage oral et écrit,Apprendre le geste d’écriture,PS,Programmes-CYCLE-1-FR-Langage-PS.docx,49,Prendre des repères spatiaux sur le support utilisé pour tracer.,lang-o076,2026.1
cde-lang-o077,LANG-O077,Le développement et la structuration du langage oral et écrit,Apprendre le geste d’écriture,MS,Programmes-CYCLE-1-FR-Langage-MS.docx,48,Adopter une posture adaptée au geste d’écriture.,lang-o077,2026.1
cde-lang-o078,LANG-O078,Le développement et la structuration du langage oral et écrit,Apprendre le geste d’écriture,MS,Programmes-CYCLE-1-FR-Langage-MS.docx,49,Adopter une préhension correcte du stylo et s’entrainer à ne pas le lever en écrivant.,lang-o078,2026.1
cde-lang-o079,LANG-O079,Le développement et la structuration du langage oral et écrit,Apprendre le geste d’écriture,MS,Programmes-CYCLE-1-FR-Langage-MS.docx,50,"Utiliser de façon coordonnée les quatre articulations qui servent à tenir et guider le crayon (épaule, coude, poignet, doigts).",lang-o079,2026.1
cde-lang-o080,LANG-O080,Le développement et la structuration du langage oral et écrit,Apprendre le geste d’écriture,MS,Programmes-CYCLE-1-FR-Langage-MS.docx,51,Tracer des lettres capitales.,lang-o080,2026.1
cde-lang-o081,LANG-O081,Le développement et la structuration du langage oral et écrit,Apprendre le geste d’écriture,MS,Programmes-CYCLE-1-FR-Langage-MS.docx,52,S’initier aux tracés de l’écriture cursive.,lang-o081,2026.1
cde-lang-o082,LANG-O082,Le développement et la structuration du langage oral et écrit,Apprendre le geste d’écriture,GS,Programmes-CYCLE-1-FR-Langage-GS.docx,53,"Tenir correctement son stylo par la pince des doigts et utiliser de façon coordonnée les quatre articulations (épaule, coude, poignet, doigts).",lang-o082,2026.1
cde-lang-o083,LANG-O083,Le développement et la structuration du langage oral et écrit,Apprendre le geste d’écriture,GS,Programmes-CYCLE-1-FR-Langage-GS.docx,54,Travailler la ligature entre deux lettres.,lang-o083,2026.1
cde-lang-o084,LANG-O084,Le développement et la structuration du langage oral et écrit,Apprendre le geste d’écriture,GS,Programmes-CYCLE-1-FR-Langage-GS.docx,55,"Tracer des lettres en écriture cursive, les enchainer.",lang-o084,2026.1
cde-lang-o085,LANG-O085,Le développement et la structuration du langage oral et écrit,Produire de premiers écrits,PS,Programmes-CYCLE-1-FR-Langage-PS.docx,52,Percevoir que l’écrit encode l’oral.,lang-o085,2026.1
cde-lang-o086,LANG-O086,Le développement et la structuration du langage oral et écrit,Produire de premiers écrits,PS,Programmes-CYCLE-1-FR-Langage-PS.docx,53,Utiliser un support écrit connu.,lang-o086,2026.1
cde-lang-o087,LANG-O087,Le développement et la structuration du langage oral et écrit,Produire de premiers écrits,PS,Programmes-CYCLE-1-FR-Langage-PS.docx,55,Mimer la posture et les gestes d’écriture de l’adulte lors de la production de traces qui s’apparentent à de l’écriture.,lang-o087,2026.1
cde-lang-o088,LANG-O088,Le développement et la structuration du langage oral et écrit,Produire de premiers écrits,PS,Programmes-CYCLE-1-FR-Langage-PS.docx,56,"Tracer volontairement des signes abstraits dont on comprend qu’il ne s’agit pas de dessins, mais de lettres.",lang-o088,2026.1
cde-lang-o089,LANG-O089,Le développement et la structuration du langage oral et écrit,Produire de premiers écrits,MS,Programmes-CYCLE-1-FR-Langage-MS.docx,55,"Comprendre que lorsque l’adulte lit un même écrit plusieurs fois, ce qu’il lit est toujours identique.",lang-o089,2026.1
cde-lang-o090,LANG-O090,Le développement et la structuration du langage oral et écrit,Produire de premiers écrits,MS,Programmes-CYCLE-1-FR-Langage-MS.docx,56,Comprendre que l’écrit code des sons.,lang-o090,2026.1
cde-lang-o091,LANG-O091,Le développement et la structuration du langage oral et écrit,Produire de premiers écrits,MS,Programmes-CYCLE-1-FR-Langage-MS.docx,57,"Proposer au professeur, lors d’une activité de dictée à l’adulte, le contenu d’un court message, stabiliser un énoncé oral et le mémoriser pour pouvoir ensuite le dicter au professeur.",lang-o091,2026.1
cde-lang-o092,LANG-O092,Le développement et la structuration du langage oral et écrit,Produire de premiers écrits,MS,Programmes-CYCLE-1-FR-Langage-MS.docx,58,Comparer la longueur d’un texte écrit et la durée du texte entendu.,lang-o092,2026.1
cde-lang-o093,LANG-O093,Le développement et la structuration du langage oral et écrit,Produire de premiers écrits,MS,Programmes-CYCLE-1-FR-Langage-MS.docx,59,Savoir que le sens de la lecture est de gauche à droite et de haut en bas,lang-o093,2026.1
cde-lang-o094,LANG-O094,Le développement et la structuration du langage oral et écrit,Produire de premiers écrits,MS,Programmes-CYCLE-1-FR-Langage-MS.docx,61,Chercher parmi les outils à sa disposition des modèles qui seront réutilisés dans un essai d’écriture.,lang-o094,2026.1
cde-lang-o095,LANG-O095,Le développement et la structuration du langage oral et écrit,Produire de premiers écrits,GS,Programmes-CYCLE-1-FR-Langage-GS.docx,58,"Segmenter l’oral en mots, les mots en syllabes, quelques syllabes en phonèmes.",lang-o095,2026.1
cde-lang-o096,LANG-O096,Le développement et la structuration du langage oral et écrit,Produire de premiers écrits,GS,Programmes-CYCLE-1-FR-Langage-GS.docx,59,Comprendre que l’écrit encode l’oral et que les sons de la langue sont codés par des lettres.,lang-o096,2026.1
cde-lang-o097,LANG-O097,Le développement et la structuration du langage oral et écrit,Produire de premiers écrits,GS,Programmes-CYCLE-1-FR-Langage-GS.docx,60,Suivre la trace écrite des yeux lors d’une relecture par l’adulte d’un message produit lors d’une dictée à l’adulte.,lang-o097,2026.1
cde-lang-o098,LANG-O098,Le développement et la structuration du langage oral et écrit,Produire de premiers écrits,GS,Programmes-CYCLE-1-FR-Langage-GS.docx,62,"Mémoriser la graphie d’un mot transparent, en s’appuyant sur la connaissance des lettres et la conscience phonologique et le retranscrire sur un support.",lang-o098,2026.1
cde-lang-o099,LANG-O099,Le développement et la structuration du langage oral et écrit,Produire de premiers écrits,GS,Programmes-CYCLE-1-FR-Langage-GS.docx,63,Réinvestir ses premières connaissances relatives au principe alphabétique pour produire un écrit.,lang-o099,2026.1
cde-lang-o100,LANG-O100,Le développement et la structuration du langage oral et écrit,Produire de premiers écrits,GS,Programmes-CYCLE-1-FR-Langage-GS.docx,64,Se repérer dans l’alphabet pour retrouver l’écriture d’une lettre nécessaire pour produire un écrit.,lang-o100,2026.1
cde-lang-o101,LANG-O101,Le développement et la structuration du langage oral et écrit,Produire de premiers écrits,GS,Programmes-CYCLE-1-FR-Langage-GS.docx,65,Mémoriser l’écriture de mots transparents ou de syllabes connues pour les réutiliser dans une production d’écrit.,lang-o101,2026.1
cde-lang-o102,LANG-O102,Le développement et la structuration du langage oral et écrit,Produire de premiers écrits,GS,Programmes-CYCLE-1-FR-Langage-GS.docx,66,"Comprendre qu’il existe une norme pour écrire : ponctuation, majuscules, mise en page, etc.",lang-o102,2026.1
cde-lang-o103,LANG-O103,Le développement et la structuration du langage oral et écrit,Produire de premiers écrits,GS,Programmes-CYCLE-1-FR-Langage-GS.docx,67,"Persévérer pour mener la production d’écrit à son terme : préparation, énonciation et révision.",lang-o103,2026.1
cde-phys-o001,PHYS-O001,"Agir, s’exprimer, comprendre à travers les activités physiques","Manipuler, courir, sauter, lancer, s’orienter",PS,Programmes-CYCLE-1-ACTIVITES-PHYSIQUES-PS.docx,4,Manipuler et lancer des objets avec des intentions motrices différents.,phys-o001,2026.1
cde-phys-o002,PHYS-O002,"Agir, s’exprimer, comprendre à travers les activités physiques","Manipuler, courir, sauter, lancer, s’orienter",PS,Programmes-CYCLE-1-ACTIVITES-PHYSIQUES-PS.docx,5,Courir de manière variée et coordonnée.,phys-o002,2026.1
cde-phys-o003,PHYS-O003,"Agir, s’exprimer, comprendre à travers les activités physiques","Manipuler, courir, sauter, lancer, s’orienter",PS,Programmes-CYCLE-1-ACTIVITES-PHYSIQUES-PS.docx,6,Sauter sans élan un obstacle.,o-saut-obstacle-sans-elan,2026.1
cde-phys-o004,PHYS-O004,"Agir, s’exprimer, comprendre à travers les activités physiques","Manipuler, courir, sauter, lancer, s’orienter",PS,Programmes-CYCLE-1-ACTIVITES-PHYSIQUES-PS.docx,7,Se situer dans un espace proche et connu en utilisant des indices présents dans l’environnement.,phys-o004,2026.1
cde-phys-o005,PHYS-O005,"Agir, s’exprimer, comprendre à travers les activités physiques","Manipuler, courir, sauter, lancer, s’orienter",MS,Programmes-CYCLE-1-ACTIVITES-PHYSIQUES-MS.docx,4,Lancer loin de manière coordonnée.,phys-o005,2026.1
cde-phys-o006,PHYS-O006,"Agir, s’exprimer, comprendre à travers les activités physiques","Manipuler, courir, sauter, lancer, s’orienter",MS,Programmes-CYCLE-1-ACTIVITES-PHYSIQUES-MS.docx,5,Courir vite en ligne droite sur une distance ou une durée courte.,phys-o006,2026.1
cde-phys-o007,PHYS-O007,"Agir, s’exprimer, comprendre à travers les activités physiques","Manipuler, courir, sauter, lancer, s’orienter",MS,Programmes-CYCLE-1-ACTIVITES-PHYSIQUES-MS.docx,6,Sauter sans élan plusieurs obstacles.,phys-o007,2026.1
cde-phys-o008,PHYS-O008,"Agir, s’exprimer, comprendre à travers les activités physiques","Manipuler, courir, sauter, lancer, s’orienter",MS,Programmes-CYCLE-1-ACTIVITES-PHYSIQUES-MS.docx,7,Se situer dans un espace élargi et connu grâce à des indices prélevés dans l’environnement.,phys-o008,2026.1
cde-phys-o009,PHYS-O009,"Agir, s’exprimer, comprendre à travers les activités physiques","Manipuler, courir, sauter, lancer, s’orienter",GS,Programmes-CYCLE-1-ACTIVITES-PHYSIQUES-GS.docx,4,Lancer loin et avec précision différents objets.,phys-o009,2026.1
cde-phys-o010,PHYS-O010,"Agir, s’exprimer, comprendre à travers les activités physiques","Manipuler, courir, sauter, lancer, s’orienter",GS,Programmes-CYCLE-1-ACTIVITES-PHYSIQUES-GS.docx,5,Courir de plus en plus longtemps sans s’arrêter.,phys-o010,2026.1
cde-phys-o011,PHYS-O011,"Agir, s’exprimer, comprendre à travers les activités physiques","Manipuler, courir, sauter, lancer, s’orienter",GS,Programmes-CYCLE-1-ACTIVITES-PHYSIQUES-GS.docx,6,Courir vite et franchir un obstacle sur une distance courte.,phys-o011,2026.1
cde-phys-o012,PHYS-O012,"Agir, s’exprimer, comprendre à travers les activités physiques","Manipuler, courir, sauter, lancer, s’orienter",GS,Programmes-CYCLE-1-ACTIVITES-PHYSIQUES-GS.docx,7,Coordonner ses actions et ses déplacements pour lancer et pour sauter haut ou loin.,phys-o012,2026.1
cde-phys-o013,PHYS-O013,"Agir, s’exprimer, comprendre à travers les activités physiques","Manipuler, courir, sauter, lancer, s’orienter",GS,Programmes-CYCLE-1-ACTIVITES-PHYSIQUES-GS.docx,8,Se situer dans un milieu moins connu grâce à des indices prélevés dans l’environnement.,phys-o013,2026.1
cde-phys-o014,PHYS-O014,"Agir, s’exprimer, comprendre à travers les activités physiques","Tourner, se suspendre, se renverser, grimper, rouler, glisser, nager",PS,Programmes-CYCLE-1-ACTIVITES-PHYSIQUES-PS.docx,11,Développer de nouveaux équilibres par des modes de déplacements variés.,phys-o014,2026.1
cde-phys-o015,PHYS-O015,"Agir, s’exprimer, comprendre à travers les activités physiques","Tourner, se suspendre, se renverser, grimper, rouler, glisser, nager",PS,Programmes-CYCLE-1-ACTIVITES-PHYSIQUES-PS.docx,12,Développer de nouveaux équilibres dans des environnements de pratiques inhabituelles et sécurisées.,phys-o015,2026.1
cde-phys-o016,PHYS-O016,"Agir, s’exprimer, comprendre à travers les activités physiques","Tourner, se suspendre, se renverser, grimper, rouler, glisser, nager",MS,Programmes-CYCLE-1-ACTIVITES-PHYSIQUES-MS.docx,11,Développer de nouveaux équilibres par des déplacements impliquant une perte de repères habituels.,phys-o016,2026.1
cde-phys-o017,PHYS-O017,"Agir, s’exprimer, comprendre à travers les activités physiques","Tourner, se suspendre, se renverser, grimper, rouler, glisser, nager",MS,Programmes-CYCLE-1-ACTIVITES-PHYSIQUES-MS.docx,12,Comprendre l’intérêt des règles de sécurité dans les activités et environnement inhabituels.,phys-o017,2026.1
cde-phys-o018,PHYS-O018,"Agir, s’exprimer, comprendre à travers les activités physiques","Tourner, se suspendre, se renverser, grimper, rouler, glisser, nager",GS,Programmes-CYCLE-1-ACTIVITES-PHYSIQUES-GS.docx,12,Construire de nouveaux équilibres par des déplacements impliquant une combinaison d’actions.,phys-o018,2026.1
cde-phys-o019,PHYS-O019,"Agir, s’exprimer, comprendre à travers les activités physiques","Tourner, se suspendre, se renverser, grimper, rouler, glisser, nager",GS,Programmes-CYCLE-1-ACTIVITES-PHYSIQUES-GS.docx,13,Explorer le milieu aquatique et développer une nouvelle locomotion dans l’eau.,phys-o019,2026.1
cde-phys-o020,PHYS-O020,"Agir, s’exprimer, comprendre à travers les activités physiques","Tourner, se suspendre, se renverser, grimper, rouler, glisser, nager",GS,Programmes-CYCLE-1-ACTIVITES-PHYSIQUES-GS.docx,14,Respecter les règles de sécurité pour soi et pour les autres.,phys-o020,2026.1
cde-phys-o021,PHYS-O021,"Agir, s’exprimer, comprendre à travers les activités physiques","Explorer, s’exprimer, danser, observer",PS,Programmes-CYCLE-1-ACTIVITES-PHYSIQUES-PS.docx,16,Découvrir et explorer le mouvement comme vecteur d’expression.,phys-o021,2026.1
cde-phys-o022,PHYS-O022,"Agir, s’exprimer, comprendre à travers les activités physiques","Explorer, s’exprimer, danser, observer",PS,Programmes-CYCLE-1-ACTIVITES-PHYSIQUES-PS.docx,17,Oser s’exprimer avec son corps seul et avec les autres en répondant à une consigne simple.,phys-o022,2026.1
cde-phys-o023,PHYS-O023,"Agir, s’exprimer, comprendre à travers les activités physiques","Explorer, s’exprimer, danser, observer",PS,Programmes-CYCLE-1-ACTIVITES-PHYSIQUES-PS.docx,18,Observer pour produire et reproduire un ou plusieurs mouvements avec une intention d’expression.,phys-o023,2026.1
cde-phys-o024,PHYS-O024,"Agir, s’exprimer, comprendre à travers les activités physiques","Explorer, s’exprimer, danser, observer",MS,Programmes-CYCLE-1-ACTIVITES-PHYSIQUES-MS.docx,16,Découvrir et explorer le geste dansé.,phys-o024,2026.1
cde-phys-o025,PHYS-O025,"Agir, s’exprimer, comprendre à travers les activités physiques","Explorer, s’exprimer, danser, observer",MS,Programmes-CYCLE-1-ACTIVITES-PHYSIQUES-MS.docx,17,Découvrir l’espace scénique.,phys-o025,2026.1
cde-phys-o026,PHYS-O026,"Agir, s’exprimer, comprendre à travers les activités physiques","Explorer, s’exprimer, danser, observer",MS,Programmes-CYCLE-1-ACTIVITES-PHYSIQUES-MS.docx,18,Développer une posture de spectateur et de spectatrice actifs.,phys-o026,2026.1
cde-phys-o027,PHYS-O027,"Agir, s’exprimer, comprendre à travers les activités physiques","Explorer, s’exprimer, danser, observer",GS,Programmes-CYCLE-1-ACTIVITES-PHYSIQUES-GS.docx,18,"Enrichir le geste dansé par de nouvelles coordinations motrices, issues également des arts du cirque.",phys-o027,2026.1
cde-phys-o028,PHYS-O028,"Agir, s’exprimer, comprendre à travers les activités physiques","Explorer, s’exprimer, danser, observer",GS,Programmes-CYCLE-1-ACTIVITES-PHYSIQUES-GS.docx,19,"Explorer l’ensemble de l’espace scénique en variant les inducteurs (objets, mondes sonores, modes de déplacements, etc…) pour créer des effets.",phys-o028,2026.1
cde-phys-o029,PHYS-O029,"Agir, s’exprimer, comprendre à travers les activités physiques","Explorer, s’exprimer, danser, observer",GS,Programmes-CYCLE-1-ACTIVITES-PHYSIQUES-GS.docx,20,"Danser, seul ou à plusieurs, en créant et en reproduisant un ou plusieurs gestes et déplacements.",phys-o029,2026.1
cde-phys-o030,PHYS-O030,"Agir, s’exprimer, comprendre à travers les activités physiques","Explorer, s’exprimer, danser, observer",GS,Programmes-CYCLE-1-ACTIVITES-PHYSIQUES-GS.docx,21,Adopter une posture de spectateur et de spectatrice actifs.,phys-o030,2026.1
cde-phys-o031,PHYS-O031,"Agir, s’exprimer, comprendre à travers les activités physiques","Coopérer, s’opposer, respecter",PS,Programmes-CYCLE-1-ACTIVITES-PHYSIQUES-PS.docx,22,Comprendre et s’approprier un rôle dans les formes de jeu les + simple.,phys-o031,2026.1
cde-phys-o032,PHYS-O032,"Agir, s’exprimer, comprendre à travers les activités physiques","Coopérer, s’opposer, respecter",PS,Programmes-CYCLE-1-ACTIVITES-PHYSIQUES-PS.docx,23,Explorer différents jeux moteurs vécus en interindividuel ou en collectif.,phys-o032,2026.1
cde-phys-o033,PHYS-O033,"Agir, s’exprimer, comprendre à travers les activités physiques","Coopérer, s’opposer, respecter",PS,Programmes-CYCLE-1-ACTIVITES-PHYSIQUES-PS.docx,24,Eprouver le plaisir de jouer dans le respect des autres et des règles communes.,phys-o033,2026.1
cde-phys-o034,PHYS-O034,"Agir, s’exprimer, comprendre à travers les activités physiques","Coopérer, s’opposer, respecter",MS,Programmes-CYCLE-1-ACTIVITES-PHYSIQUES-MS.docx,22,Jouer en coopérant.,phys-o034,2026.1
cde-phys-o035,PHYS-O035,"Agir, s’exprimer, comprendre à travers les activités physiques","Coopérer, s’opposer, respecter",MS,Programmes-CYCLE-1-ACTIVITES-PHYSIQUES-MS.docx,23,"Jouer en exerçant des rôles différents : attaquant, attaquante, défenseur, défenseuse.",phys-o035,2026.1
cde-phys-o036,PHYS-O036,"Agir, s’exprimer, comprendre à travers les activités physiques","Coopérer, s’opposer, respecter",MS,Programmes-CYCLE-1-ACTIVITES-PHYSIQUES-MS.docx,24,Coopérer dans le respect des autres et des règles communes.,phys-o036,2026.1
cde-phys-o037,PHYS-O037,"Agir, s’exprimer, comprendre à travers les activités physiques","Coopérer, s’opposer, respecter",GS,Programmes-CYCLE-1-ACTIVITES-PHYSIQUES-GS.docx,25,Elaborer seul ou à plusieurs des stratégies pour gagner un jeu.,phys-o037,2026.1
cde-phys-o038,PHYS-O038,"Agir, s’exprimer, comprendre à travers les activités physiques","Coopérer, s’opposer, respecter",GS,Programmes-CYCLE-1-ACTIVITES-PHYSIQUES-GS.docx,26,"Jouer en exerçant des rôles différents : attaquant, attaquante, défenseur, défenseuse et arbitre.",phys-o038,2026.1
cde-phys-o039,PHYS-O039,"Agir, s’exprimer, comprendre à travers les activités physiques","Coopérer, s’opposer, respecter",GS,Programmes-CYCLE-1-ACTIVITES-PHYSIQUES-GS.docx,27,Eprouver le plaisir de coopérer et de s’opposer dans le respect des autres et des règles communes.,phys-o039,2026.1
cde-arts-o001,ARTS-O001,"Agir, s’exprimer, comprendre à travers les activités artistiques",Dessiner,PS,Programmes-CYCLE-1-ACTIVITES-ARTISTIQUES-PS.docx,4,S’exercer au dessin pour développer son habileté motrice.,arts-o001,2026.1
cde-arts-o002,ARTS-O002,"Agir, s’exprimer, comprendre à travers les activités artistiques",Dessiner,PS,Programmes-CYCLE-1-ACTIVITES-ARTISTIQUES-PS.docx,5,S’exercer progressivement au dessin avec une intention de représentation.,arts-o002,2026.1
cde-arts-o003,ARTS-O003,"Agir, s’exprimer, comprendre à travers les activités artistiques",Dessiner,MS,Programmes-CYCLE-1-ACTIVITES-ARTISTIQUES-MS.docx,4,"Expérimenter la diversité des outils, des supports, des matériaux et faire des choix.",arts-o003,2026.1
cde-arts-o004,ARTS-O004,"Agir, s’exprimer, comprendre à travers les activités artistiques",Dessiner,MS,Programmes-CYCLE-1-ACTIVITES-ARTISTIQUES-MS.docx,5,S’exercer au dessin avec une intention de représentation.,arts-o004,2026.1
cde-arts-o005,ARTS-O005,"Agir, s’exprimer, comprendre à travers les activités artistiques",Dessiner,GS,Programmes-CYCLE-1-ACTIVITES-ARTISTIQUES-GS.docx,4,Dessiner pour représenter sur la base d’un modèle.,arts-o005,2026.1
cde-arts-o006,ARTS-O006,"Agir, s’exprimer, comprendre à travers les activités artistiques",Dessiner,GS,Programmes-CYCLE-1-ACTIVITES-ARTISTIQUES-GS.docx,5,Dessiner pour représenter un personnage ou un événement fictif.,arts-o006,2026.1
cde-arts-o007,ARTS-O007,"Agir, s’exprimer, comprendre à travers les activités artistiques",Dessiner,GS,Programmes-CYCLE-1-ACTIVITES-ARTISTIQUES-GS.docx,6,Participer à la réalisation d’une œuvre collective à partir d’une consigne ou d’un problème à résoudre.,arts-o007,2026.1
cde-arts-o008,ARTS-O008,"Agir, s’exprimer, comprendre à travers les activités artistiques",Dessiner,GS,Programmes-CYCLE-1-ACTIVITES-ARTISTIQUES-GS.docx,7,Utiliser le vocabulaire spécifique au dessin.,arts-o008,2026.1
cde-arts-o009,ARTS-O009,"Agir, s’exprimer, comprendre à travers les activités artistiques",S’exercer au graphisme artistique,PS,Programmes-CYCLE-1-ACTIVITES-ARTISTIQUES-PS.docx,7,Explorer des gestes et commencer à les associer à des types de tracés précis.,arts-o009,2026.1
cde-arts-o010,ARTS-O010,"Agir, s’exprimer, comprendre à travers les activités artistiques",S’exercer au graphisme artistique,PS,Programmes-CYCLE-1-ACTIVITES-ARTISTIQUES-PS.docx,8,Repérer des motifs graphiques issus de son environnement proche.,arts-o010,2026.1
cde-arts-o011,ARTS-O011,"Agir, s’exprimer, comprendre à travers les activités artistiques",S’exercer au graphisme artistique,PS,Programmes-CYCLE-1-ACTIVITES-ARTISTIQUES-PS.docx,9,Découvrir des expressions graphiques dans des œuvres d’art.,arts-o011,2026.1
cde-arts-o012,ARTS-O012,"Agir, s’exprimer, comprendre à travers les activités artistiques",S’exercer au graphisme artistique,MS,Programmes-CYCLE-1-ACTIVITES-ARTISTIQUES-MS.docx,7,Exercer et développer sa motricité fine.,arts-o012,2026.1
cde-arts-o013,ARTS-O013,"Agir, s’exprimer, comprendre à travers les activités artistiques",S’exercer au graphisme artistique,MS,Programmes-CYCLE-1-ACTIVITES-ARTISTIQUES-MS.docx,8,Repérer des motifs graphiques issus de son environnement.,arts-o013,2026.1
cde-arts-o014,ARTS-O014,"Agir, s’exprimer, comprendre à travers les activités artistiques",S’exercer au graphisme artistique,MS,Programmes-CYCLE-1-ACTIVITES-ARTISTIQUES-MS.docx,9,Reproduire et créer des motifs de plus en plus élaborés.,arts-o014,2026.1
cde-arts-o015,ARTS-O015,"Agir, s’exprimer, comprendre à travers les activités artistiques",S’exercer au graphisme artistique,GS,Programmes-CYCLE-1-ACTIVITES-ARTISTIQUES-GS.docx,9,Transformer ou détourner des motifs du répertoire de la classe pour observer les effets produits.,arts-o015,2026.1
cde-arts-o016,ARTS-O016,"Agir, s’exprimer, comprendre à travers les activités artistiques",S’exercer au graphisme artistique,GS,Programmes-CYCLE-1-ACTIVITES-ARTISTIQUES-GS.docx,10,Créer de nouveaux motifs.,arts-o016,2026.1
cde-arts-o017,ARTS-O017,"Agir, s’exprimer, comprendre à travers les activités artistiques",S’exercer au graphisme artistique,GS,Programmes-CYCLE-1-ACTIVITES-ARTISTIQUES-GS.docx,11,Réaliser une composition à partir de plusieurs contraintes.,arts-o017,2026.1
cde-arts-o018,ARTS-O018,"Agir, s’exprimer, comprendre à travers les activités artistiques",Réaliser des compositions planes ou en volume,PS,Programmes-CYCLE-1-ACTIVITES-ARTISTIQUES-PS.docx,11,Explorer l’usage des outils et observer leurs effets sur le geste.,arts-o018,2026.1
cde-arts-o019,ARTS-O019,"Agir, s’exprimer, comprendre à travers les activités artistiques",Réaliser des compositions planes ou en volume,PS,Programmes-CYCLE-1-ACTIVITES-ARTISTIQUES-PS.docx,12,"Utiliser différents médiums et observer leurs effets sur les couleurs, les formes et les volumes.",arts-o019,2026.1
cde-arts-o020,ARTS-O020,"Agir, s’exprimer, comprendre à travers les activités artistiques",Réaliser des compositions planes ou en volume,PS,Programmes-CYCLE-1-ACTIVITES-ARTISTIQUES-PS.docx,13,Expérimenter la résistance de certains matériaux.,arts-o020,2026.1
cde-arts-o021,ARTS-O021,"Agir, s’exprimer, comprendre à travers les activités artistiques",Réaliser des compositions planes ou en volume,PS,Programmes-CYCLE-1-ACTIVITES-ARTISTIQUES-PS.docx,14,Réaliser individuellement ou collectivement une production plastique en volume.,arts-o021,2026.1
cde-arts-o022,ARTS-O022,"Agir, s’exprimer, comprendre à travers les activités artistiques",Réaliser des compositions planes ou en volume,MS,Programmes-CYCLE-1-ACTIVITES-ARTISTIQUES-MS.docx,11,"S’approprier les constituants plastiques (couleurs, formes, matières, rythme etc…).",arts-o022,2026.1
cde-arts-o023,ARTS-O023,"Agir, s’exprimer, comprendre à travers les activités artistiques",Réaliser des compositions planes ou en volume,MS,Programmes-CYCLE-1-ACTIVITES-ARTISTIQUES-MS.docx,12,Réaliser une composition en 2 ou 3 dimensions en fonction d’un projet individuel ou collectif.,arts-o023,2026.1
cde-arts-o024,ARTS-O024,"Agir, s’exprimer, comprendre à travers les activités artistiques",Réaliser des compositions planes ou en volume,MS,Programmes-CYCLE-1-ACTIVITES-ARTISTIQUES-MS.docx,13,Découvrir différentes formes d’expression artistique.,arts-o024,2026.1
cde-arts-o025,ARTS-O025,"Agir, s’exprimer, comprendre à travers les activités artistiques",Réaliser des compositions planes ou en volume,GS,Programmes-CYCLE-1-ACTIVITES-ARTISTIQUES-GS.docx,13,"Réaliser des compositions plastiques, seul ou en petit groupe, en choisissant et combinant des matériaux et en réinvestissant des techniques et des procédés.",arts-o025,2026.1
cde-arts-o026,ARTS-O026,"Agir, s’exprimer, comprendre à travers les activités artistiques",Réaliser des compositions planes ou en volume,GS,Programmes-CYCLE-1-ACTIVITES-ARTISTIQUES-GS.docx,14,Se familiariser avec différentes formes d’expression artistique.,arts-o026,2026.1
cde-arts-o027,ARTS-O027,"Agir, s’exprimer, comprendre à travers les activités artistiques","Observer, comprendre et transformer des images",PS,Programmes-CYCLE-1-ACTIVITES-ARTISTIQUES-PS.docx,16,Apprendre à regarder avec attention et à identifier des éléments visuels,arts-o027,2026.1
cde-arts-o028,ARTS-O028,"Agir, s’exprimer, comprendre à travers les activités artistiques","Observer, comprendre et transformer des images",PS,Programmes-CYCLE-1-ACTIVITES-ARTISTIQUES-PS.docx,17,Découvrir quelques éléments constitutifs d’une illustration,arts-o028,2026.1
cde-arts-o029,ARTS-O029,"Agir, s’exprimer, comprendre à travers les activités artistiques","Observer, comprendre et transformer des images",MS,Programmes-CYCLE-1-ACTIVITES-ARTISTIQUES-MS.docx,15,Différencier une image fixe d’une image animée,arts-o029,2026.1
cde-arts-o030,ARTS-O030,"Agir, s’exprimer, comprendre à travers les activités artistiques","Observer, comprendre et transformer des images",MS,Programmes-CYCLE-1-ACTIVITES-ARTISTIQUES-MS.docx,16,Fabriquer des images à partir d’images existantes.,arts-o030,2026.1
cde-arts-o031,ARTS-O031,"Agir, s’exprimer, comprendre à travers les activités artistiques","Observer, comprendre et transformer des images",MS,Programmes-CYCLE-1-ACTIVITES-ARTISTIQUES-MS.docx,17,Identifier et nommer des éléments graphiques d’une illustration.,arts-o031,2026.1
cde-arts-o032,ARTS-O032,"Agir, s’exprimer, comprendre à travers les activités artistiques","Observer, comprendre et transformer des images",GS,Programmes-CYCLE-1-ACTIVITES-ARTISTIQUES-GS.docx,16,"Différencier des types d’images (portrait, paysage, nature morte etc…).",arts-o032,2026.1
cde-arts-o033,ARTS-O033,"Agir, s’exprimer, comprendre à travers les activités artistiques","Observer, comprendre et transformer des images",GS,Programmes-CYCLE-1-ACTIVITES-ARTISTIQUES-GS.docx,17,Identifier et nommer des éléments esthétiques d’une illustration.,arts-o033,2026.1
cde-arts-o034,ARTS-O034,"Agir, s’exprimer, comprendre à travers les activités artistiques",Jouer avec sa voix et acquérir un répertoire de comptines et de chansons,PS,Programmes-CYCLE-1-ACTIVITES-ARTISTIQUES-PS.docx,21,Dépasser les usages courants de la voix.,arts-o034,2026.1
cde-arts-o035,ARTS-O035,"Agir, s’exprimer, comprendre à travers les activités artistiques",Jouer avec sa voix et acquérir un répertoire de comptines et de chansons,PS,Programmes-CYCLE-1-ACTIVITES-ARTISTIQUES-PS.docx,22,Chanter en se faisant comprendre des autres,arts-o035,2026.1
cde-arts-o036,ARTS-O036,"Agir, s’exprimer, comprendre à travers les activités artistiques",Jouer avec sa voix et acquérir un répertoire de comptines et de chansons,PS,Programmes-CYCLE-1-ACTIVITES-ARTISTIQUES-PS.docx,23,Dire ou chanter au moins 5 comptines,arts-o036,2026.1
cde-arts-o037,ARTS-O037,"Agir, s’exprimer, comprendre à travers les activités artistiques",Jouer avec sa voix et acquérir un répertoire de comptines et de chansons,MS,Programmes-CYCLE-1-ACTIVITES-ARTISTIQUES-MS.docx,21,Découvrir et explorer la richesse de sa voix,arts-o037,2026.1
cde-arts-o038,ARTS-O038,"Agir, s’exprimer, comprendre à travers les activités artistiques",Jouer avec sa voix et acquérir un répertoire de comptines et de chansons,MS,Programmes-CYCLE-1-ACTIVITES-ARTISTIQUES-MS.docx,22,Chanter en exprimant une émotion,arts-o038,2026.1
cde-arts-o039,ARTS-O039,"Agir, s’exprimer, comprendre à travers les activités artistiques",Jouer avec sa voix et acquérir un répertoire de comptines et de chansons,MS,Programmes-CYCLE-1-ACTIVITES-ARTISTIQUES-MS.docx,23,"Dire ou chanter au moins 8 comptines ou chants, en réinvestissant les comptines apprises l’année précédente",arts-o039,2026.1
cde-arts-o040,ARTS-O040,"Agir, s’exprimer, comprendre à travers les activités artistiques",Jouer avec sa voix et acquérir un répertoire de comptines et de chansons,GS,Programmes-CYCLE-1-ACTIVITES-ARTISTIQUES-GS.docx,21,Développer et affirmer son inventivité avec sa voix.,arts-o040,2026.1
cde-arts-o041,ARTS-O041,"Agir, s’exprimer, comprendre à travers les activités artistiques",Jouer avec sa voix et acquérir un répertoire de comptines et de chansons,GS,Programmes-CYCLE-1-ACTIVITES-ARTISTIQUES-GS.docx,22,Trouver sa place dans un collectif chantant.,arts-o041,2026.1
cde-arts-o042,ARTS-O042,"Agir, s’exprimer, comprendre à travers les activités artistiques",Jouer avec sa voix et acquérir un répertoire de comptines et de chansons,GS,Programmes-CYCLE-1-ACTIVITES-ARTISTIQUES-GS.docx,23,"Dire ou chanter au moins 10 comptines ou chants, en réinvestissant ceux appris les années antérieures.",arts-o042,2026.1
cde-arts-o043,ARTS-O043,"Agir, s’exprimer, comprendre à travers les activités artistiques","Explorer des instruments, utiliser les sonorités du corps",PS,Programmes-CYCLE-1-ACTIVITES-ARTISTIQUES-PS.docx,25,"Explorer les possibilités sonores de son corps, d’objets et d’instruments.",arts-o043,2026.1
cde-arts-o044,ARTS-O044,"Agir, s’exprimer, comprendre à travers les activités artistiques","Explorer des instruments, utiliser les sonorités du corps",PS,Programmes-CYCLE-1-ACTIVITES-ARTISTIQUES-PS.docx,26,"Découvrir les possibilités expressives de son corps, d’objets et d’instruments",arts-o044,2026.1
cde-arts-o045,ARTS-O045,"Agir, s’exprimer, comprendre à travers les activités artistiques","Explorer des instruments, utiliser les sonorités du corps",PS,Programmes-CYCLE-1-ACTIVITES-ARTISTIQUES-PS.docx,27,"Observer et commenter ce que font les camarades de classe pour produire des sons avec leur corps, des objets et des instruments",arts-o045,2026.1
cde-arts-o046,ARTS-O046,"Agir, s’exprimer, comprendre à travers les activités artistiques","Explorer des instruments, utiliser les sonorités du corps",MS,Programmes-CYCLE-1-ACTIVITES-ARTISTIQUES-MS.docx,25,"Produire des sons à partir de son corps, d’objets et d’instruments",arts-o046,2026.1
cde-arts-o047,ARTS-O047,"Agir, s’exprimer, comprendre à travers les activités artistiques","Explorer des instruments, utiliser les sonorités du corps",MS,Programmes-CYCLE-1-ACTIVITES-ARTISTIQUES-MS.docx,26,Adapter son geste pour produire un son en fonction d’une consigne,arts-o047,2026.1
cde-arts-o048,ARTS-O048,"Agir, s’exprimer, comprendre à travers les activités artistiques","Explorer des instruments, utiliser les sonorités du corps",MS,Programmes-CYCLE-1-ACTIVITES-ARTISTIQUES-MS.docx,27,Reproduire un rythme simple collectivement,arts-o048,2026.1
cde-arts-o049,ARTS-O049,"Agir, s’exprimer, comprendre à travers les activités artistiques","Explorer des instruments, utiliser les sonorités du corps",GS,Programmes-CYCLE-1-ACTIVITES-ARTISTIQUES-GS.docx,25,Explorer le lien entre le son et le geste.,arts-o049,2026.1
cde-arts-o050,ARTS-O050,"Agir, s’exprimer, comprendre à travers les activités artistiques","Explorer des instruments, utiliser les sonorités du corps",GS,Programmes-CYCLE-1-ACTIVITES-ARTISTIQUES-GS.docx,26,"Créer un paysage sonore en répondant à une consigne simple avec son corps, des objets ou des instruments.",arts-o050,2026.1
cde-arts-o051,ARTS-O051,"Agir, s’exprimer, comprendre à travers les activités artistiques","Explorer des instruments, utiliser les sonorités du corps",GS,Programmes-CYCLE-1-ACTIVITES-ARTISTIQUES-GS.docx,27,Créer collectivement une production musicale.,arts-o051,2026.1
cde-arts-o052,ARTS-O052,"Agir, s’exprimer, comprendre à travers les activités artistiques",Affiner son écoute,PS,Programmes-CYCLE-1-ACTIVITES-ARTISTIQUES-PS.docx,29,Traduire la musique entendue en mouvement,arts-o052,2026.1
cde-arts-o053,ARTS-O053,"Agir, s’exprimer, comprendre à travers les activités artistiques",Affiner son écoute,PS,Programmes-CYCLE-1-ACTIVITES-ARTISTIQUES-PS.docx,30,Développer une posture d’écoute,arts-o053,2026.1
cde-arts-o054,ARTS-O054,"Agir, s’exprimer, comprendre à travers les activités artistiques",Affiner son écoute,MS,Programmes-CYCLE-1-ACTIVITES-ARTISTIQUES-MS.docx,29,Traduire la musique entendue en mouvements et en mots,arts-o054,2026.1
cde-arts-o055,ARTS-O055,"Agir, s’exprimer, comprendre à travers les activités artistiques",Affiner son écoute,MS,Programmes-CYCLE-1-ACTIVITES-ARTISTIQUES-MS.docx,30,Exprimer ses émotions après l’écoute d’un extrait musical,arts-o055,2026.1
cde-arts-o056,ARTS-O056,"Agir, s’exprimer, comprendre à travers les activités artistiques",Affiner son écoute,MS,Programmes-CYCLE-1-ACTIVITES-ARTISTIQUES-MS.docx,31,Découvrir au moins 2 œuvres musicales patrimoniales,arts-o056,2026.1
cde-arts-o057,ARTS-O057,"Agir, s’exprimer, comprendre à travers les activités artistiques",Affiner son écoute,GS,Programmes-CYCLE-1-ACTIVITES-ARTISTIQUES-GS.docx,29,Traduire la musique entendue en dessin.,arts-o057,2026.1
cde-arts-o058,ARTS-O058,"Agir, s’exprimer, comprendre à travers les activités artistiques",Affiner son écoute,GS,Programmes-CYCLE-1-ACTIVITES-ARTISTIQUES-GS.docx,30,Ecouter une œuvre musicale patrimoniale pour repérer des éléments musicaux significatifs.,arts-o058,2026.1
cde-arts-o059,ARTS-O059,"Agir, s’exprimer, comprendre à travers les activités artistiques",Affiner son écoute,GS,Programmes-CYCLE-1-ACTIVITES-ARTISTIQUES-GS.docx,31,Connaître au moins 3 œuvres musicales patrimoniales.,arts-o059,2026.1
cde-arts-o060,ARTS-O060,"Agir, s’exprimer, comprendre à travers les activités artistiques",Pratiquer,PS,Programmes-CYCLE-1-ACTIVITES-ARTISTIQUES-PS.docx,34,Découvrir différentes façons d’exprimer ses émotions par le corps,arts-o060,2026.1
cde-arts-o061,ARTS-O061,"Agir, s’exprimer, comprendre à travers les activités artistiques",Pratiquer,PS,Programmes-CYCLE-1-ACTIVITES-ARTISTIQUES-PS.docx,35,Découvrir des rôles simples,arts-o061,2026.1
cde-arts-o062,ARTS-O062,"Agir, s’exprimer, comprendre à travers les activités artistiques",Pratiquer,PS,Programmes-CYCLE-1-ACTIVITES-ARTISTIQUES-PS.docx,36,Découvrir le jeu dans une mise en scène collective,arts-o062,2026.1
cde-arts-o063,ARTS-O063,"Agir, s’exprimer, comprendre à travers les activités artistiques",Pratiquer,MS,Programmes-CYCLE-1-ACTIVITES-ARTISTIQUES-MS.docx,35,Se familiariser avec l’expression des émotions par le corps et la voix,arts-o063,2026.1
cde-arts-o064,ARTS-O064,"Agir, s’exprimer, comprendre à travers les activités artistiques",Pratiquer,MS,Programmes-CYCLE-1-ACTIVITES-ARTISTIQUES-MS.docx,36,Se familiariser avec des rôles simples,arts-o064,2026.1
cde-arts-o065,ARTS-O065,"Agir, s’exprimer, comprendre à travers les activités artistiques",Pratiquer,MS,Programmes-CYCLE-1-ACTIVITES-ARTISTIQUES-MS.docx,37,Se familiariser avec le jeu dans une mise en scène collective,arts-o065,2026.1
cde-arts-o066,ARTS-O066,"Agir, s’exprimer, comprendre à travers les activités artistiques",Pratiquer,GS,Programmes-CYCLE-1-ACTIVITES-ARTISTIQUES-GS.docx,35,Explorer des enchainements d’émotions par le corps et la voix.,arts-o066,2026.1
cde-arts-o067,ARTS-O067,"Agir, s’exprimer, comprendre à travers les activités artistiques",Pratiquer,GS,Programmes-CYCLE-1-ACTIVITES-ARTISTIQUES-GS.docx,36,Explorer des rôles simples.,arts-o067,2026.1
cde-arts-o068,ARTS-O068,"Agir, s’exprimer, comprendre à travers les activités artistiques",Pratiquer,GS,Programmes-CYCLE-1-ACTIVITES-ARTISTIQUES-GS.docx,37,Explorer le jeu dans une mise en scène collective.,arts-o068,2026.1
cde-arts-o069,ARTS-O069,"Agir, s’exprimer, comprendre à travers les activités artistiques",Fréquenter et devenir spectateur et spectatrice,PS,Programmes-CYCLE-1-ACTIVITES-ARTISTIQUES-PS.docx,38,Découvrir des œuvres adaptées,arts-o069,2026.1
cde-arts-o070,ARTS-O070,"Agir, s’exprimer, comprendre à travers les activités artistiques",Fréquenter et devenir spectateur et spectatrice,PS,Programmes-CYCLE-1-ACTIVITES-ARTISTIQUES-PS.docx,39,Découvrir l’’espace scénique,arts-o070,2026.1
cde-arts-o071,ARTS-O071,"Agir, s’exprimer, comprendre à travers les activités artistiques",Fréquenter et devenir spectateur et spectatrice,MS,Programmes-CYCLE-1-ACTIVITES-ARTISTIQUES-MS.docx,39,Se familiariser avec l’espace scénique,arts-o071,2026.1
cde-arts-o072,ARTS-O072,"Agir, s’exprimer, comprendre à travers les activités artistiques",Fréquenter et devenir spectateur et spectatrice,MS,Programmes-CYCLE-1-ACTIVITES-ARTISTIQUES-MS.docx,40,Se familiariser avec des œuvres adaptées,arts-o072,2026.1
cde-arts-o073,ARTS-O073,"Agir, s’exprimer, comprendre à travers les activités artistiques",Fréquenter et devenir spectateur et spectatrice,MS,Programmes-CYCLE-1-ACTIVITES-ARTISTIQUES-MS.docx,41,Rencontrer des artistes,arts-o073,2026.1
cde-arts-o074,ARTS-O074,"Agir, s’exprimer, comprendre à travers les activités artistiques",Fréquenter et devenir spectateur et spectatrice,GS,Programmes-CYCLE-1-ACTIVITES-ARTISTIQUES-GS.docx,39,Explorer l’espace scénique,arts-o074,2026.1
cde-arts-o075,ARTS-O075,"Agir, s’exprimer, comprendre à travers les activités artistiques",Fréquenter et devenir spectateur et spectatrice,GS,Programmes-CYCLE-1-ACTIVITES-ARTISTIQUES-GS.docx,40,Explorer des œuvres adaptées,arts-o075,2026.1
cde-arts-o076,ARTS-O076,"Agir, s’exprimer, comprendre à travers les activités artistiques",Fréquenter et devenir spectateur et spectatrice,GS,Programmes-CYCLE-1-ACTIVITES-ARTISTIQUES-GS.docx,41,Rencontrer des artistes et es professionnels.,arts-o076,2026.1
cde-math-o001,MATH-O001,L’acquisition des premiers outils mathématiques,Exprimer une quantité par un nombre,PS,Programmes-CYCLE-1-Maths-PS.docx,4,Comprendre qu’une quantité d’objets ne dépend ni de la nature de ces objets ni de leur organisation spatiale.,math-o001,2026.1
cde-math-o002,MATH-O002,L’acquisition des premiers outils mathématiques,Exprimer une quantité par un nombre,PS,Programmes-CYCLE-1-Maths-PS.docx,5 6 7,"Comprendre que : Si on ajoute un objet à une collection, le nombre qui désigne sa quantité est le suivant dans la suite orale des noms des nombres ; Dans la suite orale des noms des nombres, chaque nombre s’obtient en ajoutant un au nombre précédent.",math-o002,2026.1
cde-math-o003,MATH-O003,L’acquisition des premiers outils mathématiques,Exprimer une quantité par un nombre,PS,Programmes-CYCLE-1-Maths-PS.docx,8,"Dénombrer une collection d’objets (jusqu’à trois, voire quatre).",o-denombrer-jusqua3voire4,2026.1
cde-math-o004,MATH-O004,L’acquisition des premiers outils mathématiques,Exprimer une quantité par un nombre,PS,Programmes-CYCLE-1-Maths-PS.docx,9,"Constituer une collection (jusqu’à trois, voire quatre objets) d’un cardinal donné.",math-o004,2026.1
cde-math-o005,MATH-O005,L’acquisition des premiers outils mathématiques,Exprimer une quantité par un nombre,PS,Programmes-CYCLE-1-Maths-PS.docx,10,Comparer des quantités.,math-o005,2026.1
cde-math-o006,MATH-O006,L’acquisition des premiers outils mathématiques,Exprimer une quantité par un nombre,PS,Programmes-CYCLE-1-Maths-PS.docx,11,"Composer et décomposer des nombres (deux, trois, voire quatre).",math-o006,2026.1
cde-math-o007,MATH-O007,L’acquisition des premiers outils mathématiques,Exprimer une quantité par un nombre,PS,Programmes-CYCLE-1-Maths-PS.docx,12,"Manipuler et verbaliser des compositions et des décompositions de nombres. Cela permet d’installer le fait que, dans une composition, l’ordre ne compte pas ; ces compositions et décompositions permettent de dénombrer plus efficacement que par le comptage un à un.",math-o007,2026.1
cde-math-o008,MATH-O008,L’acquisition des premiers outils mathématiques,Exprimer une quantité par un nombre,PS,Programmes-CYCLE-1-Maths-PS.docx,13,"Associer une quantité, le nom d’un nombre et une écriture chiffrée.",math-o008,2026.1
cde-math-o009,MATH-O009,L’acquisition des premiers outils mathématiques,Exprimer une quantité par un nombre,PS,Programmes-CYCLE-1-Maths-PS.docx,14,Connaitre la comptine numérique de un à six,math-o009,2026.1
cde-math-o010,MATH-O010,L’acquisition des premiers outils mathématiques,Exprimer une quantité par un nombre,MS,Programmes-CYCLE-1-Maths-MS.docx,4,Poursuivre la compréhension qu’une quantité d’objets ne dépend ni de leur nature ni de leur organisation spatiale.,math-o010,2026.1
cde-math-o011,MATH-O011,L’acquisition des premiers outils mathématiques,Exprimer une quantité par un nombre,MS,Programmes-CYCLE-1-Maths-MS.docx,5 6 7,"Poursuivre la compréhension des faits suivants : Si on ajoute un objet à une collection, le nombre qui désigne sa quantité est le suivant dans la suite orale des noms des nombres ; Dans la suite orale des noms des nombres, chaque nombre s’obtient en ajoutant un au nombre précédent.",math-o011,2026.1
cde-math-o012,MATH-O012,L’acquisition des premiers outils mathématiques,Exprimer une quantité par un nombre,MS,Programmes-CYCLE-1-Maths-MS.docx,8,Parcourir une collection en passant une et une seule fois par chacun de ses éléments.,math-o012,2026.1
cde-math-o013,MATH-O013,L’acquisition des premiers outils mathématiques,Exprimer une quantité par un nombre,MS,Programmes-CYCLE-1-Maths-MS.docx,9,Dénombrer une collection d’objets (jusqu’à six).,math-o013,2026.1
cde-math-o014,MATH-O014,L’acquisition des premiers outils mathématiques,Exprimer une quantité par un nombre,MS,Programmes-CYCLE-1-Maths-MS.docx,10,Constituer une collection d’un cardinal donné (jusqu’à six objets).,math-o014,2026.1
cde-math-o015,MATH-O015,L’acquisition des premiers outils mathématiques,Exprimer une quantité par un nombre,MS,Programmes-CYCLE-1-Maths-MS.docx,11,Comparer des quantités.,math-o015,2026.1
cde-math-o016,MATH-O016,L’acquisition des premiers outils mathématiques,Exprimer une quantité par un nombre,MS,Programmes-CYCLE-1-Maths-MS.docx,12,Composer et décomposer des nombres inférieurs ou égaux à six.,math-o016,2026.1
cde-math-o017,MATH-O017,L’acquisition des premiers outils mathématiques,Exprimer une quantité par un nombre,MS,Programmes-CYCLE-1-Maths-MS.docx,13,"Manipuler et verbaliser des compositions et des décompositions de nombres. Cela permet d’installer le fait que, dans une composition, l’ordre ne compte pas ; ces compositions et décompositions permettent de dénombrer plus efficacement que par le comptage un à un.",math-o017,2026.1
cde-math-o018,MATH-O018,L’acquisition des premiers outils mathématiques,Exprimer une quantité par un nombre,MS,Programmes-CYCLE-1-Maths-MS.docx,14,"Associer une quantité, le nom d’un nombre et une écriture chiffrée.",math-o018,2026.1
cde-math-o019,MATH-O019,L’acquisition des premiers outils mathématiques,Exprimer une quantité par un nombre,MS,Programmes-CYCLE-1-Maths-MS.docx,15,Écrire en chiffres les nombres de un à six.,math-o019,2026.1
cde-math-o020,MATH-O020,L’acquisition des premiers outils mathématiques,Exprimer une quantité par un nombre,MS,Programmes-CYCLE-1-Maths-MS.docx,16,Connaitre la comptine numérique de un à douze.,math-o020,2026.1
cde-math-o021,MATH-O021,L’acquisition des premiers outils mathématiques,Exprimer une quantité par un nombre,GS,Programmes-CYCLE-1-Maths-GS.docx,4,Poursuivre la compréhension qu’une quantité d’objets ne dépend ni de la nature de ces objets ni de leur organisation spatiale.,math-o021,2026.1
cde-math-o022,MATH-O022,L’acquisition des premiers outils mathématiques,Exprimer une quantité par un nombre,GS,Programmes-CYCLE-1-Maths-GS.docx,5 6 7,"Poursuivre la compréhension des faits suivants : Si on ajoute un objet à une collection, le nombre qui désigne sa quantité est le suivant dans la suite orale des noms des nombres ; Dans la suite orale des noms des nombres, chaque nombre s’obtient en ajoutant un au nombre précédent.",math-o022,2026.1
cde-math-o023,MATH-O023,L’acquisition des premiers outils mathématiques,Exprimer une quantité par un nombre,GS,Programmes-CYCLE-1-Maths-GS.docx,8,Poursuivre les stratégies de parcours d’une collection en passant une et une seule fois par chacun de ses éléments.,math-o023,2026.1
cde-math-o024,MATH-O024,L’acquisition des premiers outils mathématiques,Exprimer une quantité par un nombre,GS,Programmes-CYCLE-1-Maths-GS.docx,9,"Dénombrer une collection d’objets (jusqu’à dix, voire au-delà).",math-o024,2026.1
cde-math-o025,MATH-O025,L’acquisition des premiers outils mathématiques,Exprimer une quantité par un nombre,GS,Programmes-CYCLE-1-Maths-GS.docx,10,"Constituer une collection d’un cardinal donné (jusqu’à dix, voire au-delà).",math-o025,2026.1
cde-math-o026,MATH-O026,L’acquisition des premiers outils mathématiques,Exprimer une quantité par un nombre,GS,Programmes-CYCLE-1-Maths-GS.docx,11,Comparer des quantités.,math-o026,2026.1
cde-math-o027,MATH-O027,L’acquisition des premiers outils mathématiques,Exprimer une quantité par un nombre,GS,Programmes-CYCLE-1-Maths-GS.docx,12,"Composer et décomposer des nombres inférieurs ou égaux à dix, voire au-delà.",math-o027,2026.1
cde-math-o028,MATH-O028,L’acquisition des premiers outils mathématiques,Exprimer une quantité par un nombre,GS,Programmes-CYCLE-1-Maths-GS.docx,13,"Manipuler et verbaliser des compositions et des décompositions de nombres. Cela permet d’installer le fait que, dans une composition, l’ordre ne compte pas.",math-o028,2026.1
cde-math-o029,MATH-O029,L’acquisition des premiers outils mathématiques,Exprimer une quantité par un nombre,GS,Programmes-CYCLE-1-Maths-GS.docx,14,Surcompter (c’est-à-dire compter de un en un à partir d’un nombre donné).,math-o029,2026.1
cde-math-o030,MATH-O030,L’acquisition des premiers outils mathématiques,Exprimer une quantité par un nombre,GS,Programmes-CYCLE-1-Maths-GS.docx,15,"Associer une quantité, le nom d’un nombre et une écriture chiffrée.",math-o030,2026.1
cde-math-o031,MATH-O031,L’acquisition des premiers outils mathématiques,Exprimer une quantité par un nombre,GS,Programmes-CYCLE-1-Maths-GS.docx,16,Écrire en chiffres les nombres de un à dix.,math-o031,2026.1
cde-math-o032,MATH-O032,L’acquisition des premiers outils mathématiques,Exprimer une quantité par un nombre,GS,Programmes-CYCLE-1-Maths-GS.docx,17,Connaitre et utiliser la comptine numérique jusqu’à trente.,math-o032,2026.1
cde-math-o033,MATH-O033,L’acquisition des premiers outils mathématiques,Exprimer un rang ou une position par un nombre,MS,Programmes-CYCLE-1-Maths-MS.docx,19,Comprendre la notion de rang.,math-o033,2026.1
cde-math-o034,MATH-O034,L’acquisition des premiers outils mathématiques,Exprimer un rang ou une position par un nombre,MS,Programmes-CYCLE-1-Maths-MS.docx,20,Déterminer l’effet d’un déplacement sur une position.,math-o034,2026.1
cde-math-o035,MATH-O035,L’acquisition des premiers outils mathématiques,Exprimer un rang ou une position par un nombre,MS,Programmes-CYCLE-1-Maths-MS.docx,21,Se familiariser avec le début de la bande numérique.,math-o035,2026.1
cde-math-o036,MATH-O036,L’acquisition des premiers outils mathématiques,Exprimer un rang ou une position par un nombre,GS,Programmes-CYCLE-1-Maths-GS.docx,19,Comprendre la notion de rang d’un objet.,math-o036,2026.1
cde-math-o037,MATH-O037,L’acquisition des premiers outils mathématiques,Exprimer un rang ou une position par un nombre,GS,Programmes-CYCLE-1-Maths-GS.docx,20,Déterminer l’effet d’un déplacement sur une position.,math-o037,2026.1
cde-math-o038,MATH-O038,L’acquisition des premiers outils mathématiques,Exprimer un rang ou une position par un nombre,GS,Programmes-CYCLE-1-Maths-GS.docx,21,Comprendre le lien entre un ajout et un avancement et celui entre un retrait et un recul.,math-o038,2026.1
cde-math-o039,MATH-O039,L’acquisition des premiers outils mathématiques,Exprimer un rang ou une position par un nombre,GS,Programmes-CYCLE-1-Maths-GS.docx,22,Construire la bande numérique jusqu’à dix.,math-o039,2026.1
cde-math-o040,MATH-O040,L’acquisition des premiers outils mathématiques,Utiliser les nombres pour résoudre des problèmes,PS,Programmes-CYCLE-1-Maths-PS.docx,19,Recherche du tout ou d’une partie dans un problème de parties-tout.,math-o040,2026.1
cde-math-o041,MATH-O041,L’acquisition des premiers outils mathématiques,Utiliser les nombres pour résoudre des problèmes,MS,Programmes-CYCLE-1-Maths-MS.docx,24,Rechercher le tout ou une partie dans un problème de parties-tout.,math-o041,2026.1
cde-math-o042,MATH-O042,L’acquisition des premiers outils mathématiques,Utiliser les nombres pour résoudre des problèmes,MS,Programmes-CYCLE-1-Maths-MS.docx,25,Trouver une position finale à partir d’une position initiale et d’un déplacement sur une piste du type du jeu de l’oie ou sur la bande numérique.,math-o042,2026.1
cde-math-o043,MATH-O043,L’acquisition des premiers outils mathématiques,Utiliser les nombres pour résoudre des problèmes,MS,Programmes-CYCLE-1-Maths-MS.docx,26,Rechercher le tout dans un problème de groupements.,math-o043,2026.1
cde-math-o044,MATH-O044,L’acquisition des premiers outils mathématiques,Utiliser les nombres pour résoudre des problèmes,MS,Programmes-CYCLE-1-Maths-MS.docx,27,Rechercher la valeur d’une part dans un problème de partage équitable.,math-o044,2026.1
cde-math-o045,MATH-O045,L’acquisition des premiers outils mathématiques,Utiliser les nombres pour résoudre des problèmes,GS,Programmes-CYCLE-1-Maths-GS.docx,25,"Déterminer le tout ou une partie dans un problème de parties-tout (d’abord deux parties, puis éventuellement trois).",math-o045,2026.1
cde-math-o046,MATH-O046,L’acquisition des premiers outils mathématiques,Utiliser les nombres pour résoudre des problèmes,GS,Programmes-CYCLE-1-Maths-GS.docx,26,Déterminer la quantité d’objets ayant été ajoutée ou retirée à une collection à partir de ses quantités initiale et finale.,math-o046,2026.1
cde-math-o047,MATH-O047,L’acquisition des premiers outils mathématiques,Utiliser les nombres pour résoudre des problèmes,GS,Programmes-CYCLE-1-Maths-GS.docx,27,Déterminer la position finale (respectivement initiale) à partir de la position initiale (respectivement finale) et d’un déplacement sur une piste du type du jeu de l’oie ou sur la bande numérique.,math-o047,2026.1
cde-math-o048,MATH-O048,L’acquisition des premiers outils mathématiques,Utiliser les nombres pour résoudre des problèmes,GS,Programmes-CYCLE-1-Maths-GS.docx,28,Déterminer le cardinal d’une collection à partir de celui d’une autre collection et de l’écart entre les deux.,math-o048,2026.1
cde-math-o049,MATH-O049,L’acquisition des premiers outils mathématiques,Utiliser les nombres pour résoudre des problèmes,GS,Programmes-CYCLE-1-Maths-GS.docx,29,Déterminer le tout dans un problème de groupement d’objets.,math-o049,2026.1
cde-math-o050,MATH-O050,L’acquisition des premiers outils mathématiques,Utiliser les nombres pour résoudre des problèmes,GS,Programmes-CYCLE-1-Maths-GS.docx,30,Déterminer la valeur d’une part dans un problème de partage équitable (avec éventuellement un reste).,math-o050,2026.1
cde-math-o051,MATH-O051,L’acquisition des premiers outils mathématiques,Explorer les solides et les formes planes,PS,Programmes-CYCLE-1-Maths-PS.docx,22,"Reconnaitre, trier et classer des objets selon leur forme.",math-o051,2026.1
cde-math-o052,MATH-O052,L’acquisition des premiers outils mathématiques,Explorer les solides et les formes planes,PS,Programmes-CYCLE-1-Maths-PS.docx,23,Percevoir l’invariance de la forme d’un objet par rapport aux déplacements qu’il peut subir.,math-o052,2026.1
cde-math-o053,MATH-O053,L’acquisition des premiers outils mathématiques,Explorer les solides et les formes planes,PS,Programmes-CYCLE-1-Maths-PS.docx,24,Reproduire des assemblages de solides ou de formes planes.,math-o053,2026.1
cde-math-o054,MATH-O054,L’acquisition des premiers outils mathématiques,Explorer les solides et les formes planes,MS,Programmes-CYCLE-1-Maths-MS.docx,30,"Reconnaitre et classer des solides (cube, boule, pyramide à base carrée, cylindre) et des formes géométriques planes (triangle, carré, disque).",math-o054,2026.1
cde-math-o055,MATH-O055,L’acquisition des premiers outils mathématiques,Explorer les solides et les formes planes,MS,Programmes-CYCLE-1-Maths-MS.docx,31,Reproduire des assemblages de solides ou de formes planes (au maximum cinq).,math-o055,2026.1
cde-math-o056,MATH-O056,L’acquisition des premiers outils mathématiques,Explorer les solides et les formes planes,GS,Programmes-CYCLE-1-Maths-GS.docx,33,"Décrire quelques solides simples : cube, pavé, boule, pyramides à base carrée ou triangulaire, cylindre, cône.",math-o056,2026.1
cde-math-o057,MATH-O057,L’acquisition des premiers outils mathématiques,Explorer les solides et les formes planes,GS,Programmes-CYCLE-1-Maths-GS.docx,34,"Reconnaitre, trier et classer des formes géométriques planes, indépendamment d’autres critères comme la couleur, la taille, l’orientation.",math-o057,2026.1
cde-math-o058,MATH-O058,L’acquisition des premiers outils mathématiques,Explorer les solides et les formes planes,GS,Programmes-CYCLE-1-Maths-GS.docx,35,"Décrire et nommer quelques figures géométriques simples : carré, rectangle, triangle, disque.",math-o058,2026.1
cde-math-o059,MATH-O059,L’acquisition des premiers outils mathématiques,Explorer les solides et les formes planes,GS,Programmes-CYCLE-1-Maths-GS.docx,36,Reproduire des assemblages de solides (au maximum cinq) et de formes planes (au maximum huit).,math-o059,2026.1
cde-math-o060,MATH-O060,L’acquisition des premiers outils mathématiques,Explorer les solides et les formes planes,GS,Programmes-CYCLE-1-Maths-GS.docx,37,S’approprier la règle comme outil de tracé.,math-o060,2026.1
cde-math-o061,MATH-O061,L’acquisition des premiers outils mathématiques,"Explorer des grandeurs : la longueur, la masse",PS,Programmes-CYCLE-1-Maths-PS.docx,28,Reconnaitre un objet de même longueur qu’un objet donné.,math-o061,2026.1
cde-math-o062,MATH-O062,L’acquisition des premiers outils mathématiques,"Explorer des grandeurs : la longueur, la masse",PS,Programmes-CYCLE-1-Maths-PS.docx,29,Comparer des objets selon leur longueur.,math-o062,2026.1
cde-math-o063,MATH-O063,L’acquisition des premiers outils mathématiques,"Explorer des grandeurs : la longueur, la masse",MS,Programmes-CYCLE-1-Maths-MS.docx,35,Comparer directement des longueurs d’objets rectilignes et verbaliser le résultat.,math-o063,2026.1
cde-math-o064,MATH-O064,L’acquisition des premiers outils mathématiques,"Explorer des grandeurs : la longueur, la masse",MS,Programmes-CYCLE-1-Maths-MS.docx,36,Classer des objets rectilignes selon leur longueur.,math-o064,2026.1
cde-math-o065,MATH-O065,L’acquisition des premiers outils mathématiques,"Explorer des grandeurs : la longueur, la masse",MS,Programmes-CYCLE-1-Maths-MS.docx,37,Ordonner des objets rectilignes selon leur longueur et verbaliser le résultat.,math-o065,2026.1
cde-math-o066,MATH-O066,L’acquisition des premiers outils mathématiques,"Explorer des grandeurs : la longueur, la masse",MS,Programmes-CYCLE-1-Maths-MS.docx,39,Comparer les masses de deux objets.,math-o066,2026.1
cde-math-o067,MATH-O067,L’acquisition des premiers outils mathématiques,"Explorer des grandeurs : la longueur, la masse",GS,Programmes-CYCLE-1-Maths-GS.docx,42,Comparer indirectement des longueurs d’objets rectilignes.,math-o067,2026.1
cde-math-o068,MATH-O068,L’acquisition des premiers outils mathématiques,"Explorer des grandeurs : la longueur, la masse",GS,Programmes-CYCLE-1-Maths-GS.docx,43,Ordonner des objets rectilignes selon leur longueur (au maximum cinq).,math-o068,2026.1
cde-math-o069,MATH-O069,L’acquisition des premiers outils mathématiques,"Explorer des grandeurs : la longueur, la masse",GS,Programmes-CYCLE-1-Maths-GS.docx,44,Produire un objet rectiligne de même longueur qu’un objet donné.,math-o069,2026.1
cde-math-o070,MATH-O070,L’acquisition des premiers outils mathématiques,"Explorer des grandeurs : la longueur, la masse",GS,Programmes-CYCLE-1-Maths-GS.docx,46,Ordonner les masses de trois objets. Verbaliser les résultats.,math-o070,2026.1
cde-math-o071,MATH-O071,L’acquisition des premiers outils mathématiques,"Explorer des grandeurs : la longueur, la masse",GS,Programmes-CYCLE-1-Maths-GS.docx,47,Reconnaitre l’égalité de deux masses et verbaliser le résultat.,math-o071,2026.1
cde-math-o072,MATH-O072,L’acquisition des premiers outils mathématiques,Se familiariser avec les motifs organisés,PS,Programmes-CYCLE-1-Maths-PS.docx,32,Mémoriser un motif répétitif très simple.,math-o072,2026.1
cde-math-o073,MATH-O073,L’acquisition des premiers outils mathématiques,Se familiariser avec les motifs organisés,PS,Programmes-CYCLE-1-Maths-PS.docx,33,Reproduire un motif répétitif à l’identique.,math-o073,2026.1
cde-math-o074,MATH-O074,L’acquisition des premiers outils mathématiques,Se familiariser avec les motifs organisés,MS,Programmes-CYCLE-1-Maths-MS.docx,42,Mémoriser un motif répétitif simple.,math-o074,2026.1
cde-math-o075,MATH-O075,L’acquisition des premiers outils mathématiques,Se familiariser avec les motifs organisés,MS,Programmes-CYCLE-1-Maths-MS.docx,43,Reconnaitre un motif répétitif à ses régularités.,math-o075,2026.1
cde-math-o076,MATH-O076,L’acquisition des premiers outils mathématiques,Se familiariser avec les motifs organisés,MS,Programmes-CYCLE-1-Maths-MS.docx,44,"Décrire oralement des motifs répétitifs simples de différentes natures, sans nécessairement recourir au vocabulaire spécialisé.",math-o076,2026.1
cde-math-o077,MATH-O077,L’acquisition des premiers outils mathématiques,Se familiariser avec les motifs organisés,MS,Programmes-CYCLE-1-Maths-MS.docx,45,Prolonger l’amorce d’un motif répétitif et verbaliser la règle de prolongement utilisée.,math-o077,2026.1
cde-math-o078,MATH-O078,L’acquisition des premiers outils mathématiques,Se familiariser avec les motifs organisés,GS,Programmes-CYCLE-1-Maths-GS.docx,50,Repérer et décrire oralement la structure d’un motif évolutif (par exemple relevant de la transcription formelle ABAABBAAABBB).,math-o078,2026.1
cde-math-o079,MATH-O079,L’acquisition des premiers outils mathématiques,Se familiariser avec les motifs organisés,GS,Programmes-CYCLE-1-Maths-GS.docx,51,Identifier la structure d’un motif répétitif ou évolutif indépendamment des éléments physiques qui le composent.,math-o079,2026.1
cde-math-o080,MATH-O080,L’acquisition des premiers outils mathématiques,Se familiariser avec les motifs organisés,GS,Programmes-CYCLE-1-Maths-GS.docx,52,Créer des motifs de différentes natures.,math-o080,2026.1
cde-temps-o001,TEMPS-O001,Se repérer dans le temps et l’espace,Se repérer dans le temps,PS,Programmes-CYCLE-1-SE-REPERER-DANS-LE-TEMPS-ET-LESPACE-PS.docx,4,Acquérir les premiers repères temporels,temps-o001,2026.1
cde-temps-o002,TEMPS-O002,Se repérer dans le temps et l’espace,Se repérer dans le temps,PS,Programmes-CYCLE-1-SE-REPERER-DANS-LE-TEMPS-ET-LESPACE-PS.docx,5,Identifier les principaux moments d’une journée,temps-o002,2026.1
cde-temps-o003,TEMPS-O003,Se repérer dans le temps et l’espace,Se repérer dans le temps,PS,Programmes-CYCLE-1-SE-REPERER-DANS-LE-TEMPS-ET-LESPACE-PS.docx,6,Connaître quelques marqueurs temporels,temps-o003,2026.1
cde-temps-o004,TEMPS-O004,Se repérer dans le temps et l’espace,Se repérer dans le temps,PS,Programmes-CYCLE-1-SE-REPERER-DANS-LE-TEMPS-ET-LESPACE-PS.docx,7,Aborder la notion de saison à partir de quelques faits observables,temps-o004,2026.1
cde-temps-o005,TEMPS-O005,Se repérer dans le temps et l’espace,Se repérer dans le temps,MS,Programmes-CYCLE-1-SE-REPERER-DANS-LE-TEMPS-ET-LESPACE-MS.docx,4,Enoncer le moment de la journée où l’on se situe,temps-o005,2026.1
cde-temps-o006,TEMPS-O006,Se repérer dans le temps et l’espace,Se repérer dans le temps,MS,Programmes-CYCLE-1-SE-REPERER-DANS-LE-TEMPS-ET-LESPACE-MS.docx,5,Etablir des jours qui servent de repère dans la semaine,temps-o006,2026.1
cde-temps-o007,TEMPS-O007,Se repérer dans le temps et l’espace,Se repérer dans le temps,MS,Programmes-CYCLE-1-SE-REPERER-DANS-LE-TEMPS-ET-LESPACE-MS.docx,6,Savoir que la semaine est une suite de 7 jours,temps-o007,2026.1
cde-temps-o008,TEMPS-O008,Se repérer dans le temps et l’espace,Se repérer dans le temps,MS,Programmes-CYCLE-1-SE-REPERER-DANS-LE-TEMPS-ET-LESPACE-MS.docx,7,"Employer le présent, le futur, le passé composé et commencer éventuellement à employer l’imparfait pour évoquer des évènements et les restituer dans le temps",temps-o008,2026.1
cde-temps-o009,TEMPS-O009,Se repérer dans le temps et l’espace,Se repérer dans le temps,MS,Programmes-CYCLE-1-SE-REPERER-DANS-LE-TEMPS-ET-LESPACE-MS.docx,8,Approfondir la notion de saison par des observations sur la végétation et le climat,temps-o009,2026.1
cde-temps-o010,TEMPS-O010,Se repérer dans le temps et l’espace,Se repérer dans le temps,GS,Programmes-CYCLE-1-SE-REPERER-DANS-LE-TEMPS-ET-LESPACE-GS.docx,4,Situer un évènement dans la semaine,temps-o010,2026.1
cde-temps-o011,TEMPS-O011,Se repérer dans le temps et l’espace,Se repérer dans le temps,GS,Programmes-CYCLE-1-SE-REPERER-DANS-LE-TEMPS-ET-LESPACE-GS.docx,5,Continuer à s’approprier les temps conjugués (futur simple et futur antérieur) et les jours pour situer les évènements dans la semaine et situer un évènement qui va se produire,temps-o011,2026.1
cde-temps-o012,TEMPS-O012,Se repérer dans le temps et l’espace,Se repérer dans le temps,GS,Programmes-CYCLE-1-SE-REPERER-DANS-LE-TEMPS-ET-LESPACE-GS.docx,6,Enoncer la date,o-enoncer-date,2026.1
cde-temps-o013,TEMPS-O013,Se repérer dans le temps et l’espace,Se repérer dans le temps,GS,Programmes-CYCLE-1-SE-REPERER-DANS-LE-TEMPS-ET-LESPACE-GS.docx,7,Utiliser des mois qui servent de repères pour se situer dans l’année,temps-o013,2026.1
cde-temps-o014,TEMPS-O014,Se repérer dans le temps et l’espace,Se repérer dans le temps,GS,Programmes-CYCLE-1-SE-REPERER-DANS-LE-TEMPS-ET-LESPACE-GS.docx,8,Nommer la plupart des mois de l’année,temps-o014,2026.1
cde-temps-o015,TEMPS-O015,Se repérer dans le temps et l’espace,Se repérer dans le temps,GS,Programmes-CYCLE-1-SE-REPERER-DANS-LE-TEMPS-ET-LESPACE-GS.docx,9,Connaître les saisons,temps-o015,2026.1
cde-temps-o016,TEMPS-O016,Se repérer dans le temps et l’espace,S’approprier la notion de chronologie,PS,Programmes-CYCLE-1-SE-REPERER-DANS-LE-TEMPS-ET-LESPACE-PS.docx,9,"Situer des moments de la journée les uns par rapport aux autres et commencer à utiliser le présent, le passé composé, le présent à valeur de futur proche",temps-o016,2026.1
cde-temps-o017,TEMPS-O017,Se repérer dans le temps et l’espace,S’approprier la notion de chronologie,PS,Programmes-CYCLE-1-SE-REPERER-DANS-LE-TEMPS-ET-LESPACE-PS.docx,10,Ordonner entre eux des moments rituels vécus,temps-o017,2026.1
cde-temps-o018,TEMPS-O018,Se repérer dans le temps et l’espace,S’approprier la notion de chronologie,PS,Programmes-CYCLE-1-SE-REPERER-DANS-LE-TEMPS-ET-LESPACE-PS.docx,11,Comprendre et restituer le déroulement d’évènements quotidiens au sein d’une histoire simple,temps-o018,2026.1
cde-temps-o019,TEMPS-O019,Se repérer dans le temps et l’espace,S’approprier la notion de chronologie,PS,Programmes-CYCLE-1-SE-REPERER-DANS-LE-TEMPS-ET-LESPACE-PS.docx,12,Se projeter dans l’action que l’on choisit d’effectuer,temps-o019,2026.1
cde-temps-o020,TEMPS-O020,Se repérer dans le temps et l’espace,S’approprier la notion de chronologie,PS,Programmes-CYCLE-1-SE-REPERER-DANS-LE-TEMPS-ET-LESPACE-PS.docx,13,Commencer à planifier deux activités,temps-o020,2026.1
cde-temps-o021,TEMPS-O021,Se repérer dans le temps et l’espace,S’approprier la notion de chronologie,MS,Programmes-CYCLE-1-SE-REPERER-DANS-LE-TEMPS-ET-LESPACE-MS.docx,10,Restituer la chronologie des actions majeures d’une histoire simple,temps-o021,2026.1
cde-temps-o022,TEMPS-O022,Se repérer dans le temps et l’espace,S’approprier la notion de chronologie,MS,Programmes-CYCLE-1-SE-REPERER-DANS-LE-TEMPS-ET-LESPACE-MS.docx,11,"Relater et expliquer une action, une procédure en utilisant de premiers connecteurs structurants afin d’inscrire les activités récurrentes de leur vie quotidienne dans le temps",temps-o022,2026.1
cde-temps-o023,TEMPS-O023,Se repérer dans le temps et l’espace,S’approprier la notion de chronologie,GS,Programmes-CYCLE-1-SE-REPERER-DANS-LE-TEMPS-ET-LESPACE-GS.docx,11,Repérer les différentes étapes d’un processus ou d’un évènement vécu et les ordonner,temps-o023,2026.1
cde-temps-o024,TEMPS-O024,Se repérer dans le temps et l’espace,S’approprier la notion de chronologie,GS,Programmes-CYCLE-1-SE-REPERER-DANS-LE-TEMPS-ET-LESPACE-GS.docx,12,"Repérer l’antériorité d’une action par rapport à une autre dans un scénario : imparfait, plus que parfait, imparfait du verbe « aller » à valeur de futur proche dans le passé",temps-o024,2026.1
cde-temps-o025,TEMPS-O025,Se repérer dans le temps et l’espace,S’approprier la notion de chronologie,GS,Programmes-CYCLE-1-SE-REPERER-DANS-LE-TEMPS-ET-LESPACE-GS.docx,13,"Ordonner des événements passé les uns par rapport aux autres, dans l’année scolaire",temps-o025,2026.1
cde-temps-o026,TEMPS-O026,Se repérer dans le temps et l’espace,S’approprier la notion de chronologie,GS,Programmes-CYCLE-1-SE-REPERER-DANS-LE-TEMPS-ET-LESPACE-GS.docx,14,"Relater des évènements passés ou à venir qui indiquent la succession, l’antériorité, la postériorité et la simultanéité",temps-o026,2026.1
cde-temps-o027,TEMPS-O027,Se repérer dans le temps et l’espace,Construire la notion de durée,PS,Programmes-CYCLE-1-SE-REPERER-DANS-LE-TEMPS-ET-LESPACE-PS.docx,15,Attendre avant d’obtenir ce que l’on souhaite,temps-o027,2026.1
cde-temps-o028,TEMPS-O028,Se repérer dans le temps et l’espace,Construire la notion de durée,PS,Programmes-CYCLE-1-SE-REPERER-DANS-LE-TEMPS-ET-LESPACE-PS.docx,16,Repérer le début et la fin d’une activité,temps-o028,2026.1
cde-temps-o029,TEMPS-O029,Se repérer dans le temps et l’espace,Construire la notion de durée,PS,Programmes-CYCLE-1-SE-REPERER-DANS-LE-TEMPS-ET-LESPACE-PS.docx,17,Connaître quelques mots qui font référence à la durée,temps-o029,2026.1
cde-temps-o030,TEMPS-O030,Se repérer dans le temps et l’espace,Construire la notion de durée,MS,Programmes-CYCLE-1-SE-REPERER-DANS-LE-TEMPS-ET-LESPACE-MS.docx,13,Percevoir que certaines durées sont stables,temps-o030,2026.1
cde-temps-o031,TEMPS-O031,Se repérer dans le temps et l’espace,Construire la notion de durée,MS,Programmes-CYCLE-1-SE-REPERER-DANS-LE-TEMPS-ET-LESPACE-MS.docx,14,Enrichir le répertoire de mots qui font référence à la durée,temps-o031,2026.1
cde-temps-o032,TEMPS-O032,Se repérer dans le temps et l’espace,Construire la notion de durée,GS,Programmes-CYCLE-1-SE-REPERER-DANS-LE-TEMPS-ET-LESPACE-GS.docx,17,Commencer à utiliser les repères donnés par les professeurs pour organiser son activité dans un temps imparti,temps-o032,2026.1
cde-temps-o033,TEMPS-O033,Se repérer dans le temps et l’espace,Construire la notion de durée,GS,Programmes-CYCLE-1-SE-REPERER-DANS-LE-TEMPS-ET-LESPACE-GS.docx,18,Comparer des durées,temps-o033,2026.1
cde-temps-o034,TEMPS-O034,Se repérer dans le temps et l’espace,Construire la notion de durée,GS,Programmes-CYCLE-1-SE-REPERER-DANS-LE-TEMPS-ET-LESPACE-GS.docx,19,"Comprendre progressivement qu’il existe un temps long, un passé très éloigné, des évènements antérieurs à notre propre vie",temps-o034,2026.1
cde-temps-o035,TEMPS-O035,Se repérer dans le temps et l’espace,Faire l’expérience de l’espace,PS,Programmes-CYCLE-1-SE-REPERER-DANS-LE-TEMPS-ET-LESPACE-PS.docx,21,Réaliser des constructions simples à partir de pièces solides ou de formes planes,temps-o035,2026.1
cde-temps-o036,TEMPS-O036,Se repérer dans le temps et l’espace,Faire l’expérience de l’espace,PS,Programmes-CYCLE-1-SE-REPERER-DANS-LE-TEMPS-ET-LESPACE-PS.docx,22,Orienter un objet ou une forme,temps-o036,2026.1
cde-temps-o037,TEMPS-O037,Se repérer dans le temps et l’espace,Faire l’expérience de l’espace,PS,Programmes-CYCLE-1-SE-REPERER-DANS-LE-TEMPS-ET-LESPACE-PS.docx,23,Manipuler des objets volumineux,temps-o037,2026.1
cde-temps-o038,TEMPS-O038,Se repérer dans le temps et l’espace,Faire l’expérience de l’espace,PS,Programmes-CYCLE-1-SE-REPERER-DANS-LE-TEMPS-ET-LESPACE-PS.docx,24,Orienter un livre ou un autre support d’écrit,temps-o038,2026.1
cde-temps-o039,TEMPS-O039,Se repérer dans le temps et l’espace,Faire l’expérience de l’espace,PS,Programmes-CYCLE-1-SE-REPERER-DANS-LE-TEMPS-ET-LESPACE-PS.docx,25,"Réaliser un trajet, un parcours simple dans l’école",temps-o039,2026.1
cde-temps-o040,TEMPS-O040,Se repérer dans le temps et l’espace,Faire l’expérience de l’espace,PS,Programmes-CYCLE-1-SE-REPERER-DANS-LE-TEMPS-ET-LESPACE-PS.docx,26,Expérimenter les effets sensoriels de la proximité et de l’éloignement,temps-o040,2026.1
cde-temps-o041,TEMPS-O041,Se repérer dans le temps et l’espace,Faire l’expérience de l’espace,PS,Programmes-CYCLE-1-SE-REPERER-DANS-LE-TEMPS-ET-LESPACE-PS.docx,27,Acquérir les premiers marqueurs qui permettent de se repérer dans l’espace,temps-o041,2026.1
cde-temps-o042,TEMPS-O042,Se repérer dans le temps et l’espace,Faire l’expérience de l’espace,MS,Programmes-CYCLE-1-SE-REPERER-DANS-LE-TEMPS-ET-LESPACE-MS.docx,18,Réaliser des constructions de pièces solides ou de formes planes à partir d’une contrainte,temps-o042,2026.1
cde-temps-o043,TEMPS-O043,Se repérer dans le temps et l’espace,Faire l’expérience de l’espace,MS,Programmes-CYCLE-1-SE-REPERER-DANS-LE-TEMPS-ET-LESPACE-MS.docx,19,Situer des objets entre eux,temps-o043,2026.1
cde-temps-o044,TEMPS-O044,Se repérer dans le temps et l’espace,Faire l’expérience de l’espace,MS,Programmes-CYCLE-1-SE-REPERER-DANS-LE-TEMPS-ET-LESPACE-MS.docx,20,"Situer des objets par rapport à soi, différencier la proximité de l’éloignement",temps-o044,2026.1
cde-temps-o045,TEMPS-O045,Se repérer dans le temps et l’espace,Faire l’expérience de l’espace,MS,Programmes-CYCLE-1-SE-REPERER-DANS-LE-TEMPS-ET-LESPACE-MS.docx,21,Orienter et utiliser correctement une feuille de papier,temps-o045,2026.1
cde-temps-o046,TEMPS-O046,Se repérer dans le temps et l’espace,Faire l’expérience de l’espace,MS,Programmes-CYCLE-1-SE-REPERER-DANS-LE-TEMPS-ET-LESPACE-MS.docx,22,Se situer par rapport aux autres,temps-o046,2026.1
cde-temps-o047,TEMPS-O047,Se repérer dans le temps et l’espace,Faire l’expérience de l’espace,MS,Programmes-CYCLE-1-SE-REPERER-DANS-LE-TEMPS-ET-LESPACE-MS.docx,23,Employer les marqueurs spatiaux précédemment acquis et en acquérir de nouveaux,temps-o047,2026.1
cde-temps-o048,TEMPS-O048,Se repérer dans le temps et l’espace,Faire l’expérience de l’espace,GS,Programmes-CYCLE-1-SE-REPERER-DANS-LE-TEMPS-ET-LESPACE-GS.docx,23,Réaliser des assemblages complexes,temps-o048,2026.1
cde-temps-o049,TEMPS-O049,Se repérer dans le temps et l’espace,Faire l’expérience de l’espace,GS,Programmes-CYCLE-1-SE-REPERER-DANS-LE-TEMPS-ET-LESPACE-GS.docx,24,Situer des objets dans un ensemble ordonné,temps-o049,2026.1
cde-temps-o050,TEMPS-O050,Se repérer dans le temps et l’espace,Faire l’expérience de l’espace,GS,Programmes-CYCLE-1-SE-REPERER-DANS-LE-TEMPS-ET-LESPACE-GS.docx,25,"Situer des objets par rapport à soi, construire une image orientée de son corps",temps-o050,2026.1
cde-temps-o051,TEMPS-O051,Se repérer dans le temps et l’espace,Faire l’expérience de l’espace,GS,Programmes-CYCLE-1-SE-REPERER-DANS-LE-TEMPS-ET-LESPACE-GS.docx,26,"Réaliser un trajet, un parcours dans un environnement connu",temps-o051,2026.1
cde-temps-o052,TEMPS-O052,Se repérer dans le temps et l’espace,Faire l’expérience de l’espace,GS,Programmes-CYCLE-1-SE-REPERER-DANS-LE-TEMPS-ET-LESPACE-GS.docx,27,Utiliser une page en respectant les normes d’écriture,temps-o052,2026.1
cde-temps-o053,TEMPS-O053,Se repérer dans le temps et l’espace,Faire l’expérience de l’espace,GS,Programmes-CYCLE-1-SE-REPERER-DANS-LE-TEMPS-ET-LESPACE-GS.docx,28,Reconnaître quelques espaces géographiques sur un planisphère,temps-o053,2026.1
cde-temps-o054,TEMPS-O054,Se repérer dans le temps et l’espace,Faire l’expérience de l’espace,GS,Programmes-CYCLE-1-SE-REPERER-DANS-LE-TEMPS-ET-LESPACE-GS.docx,29,Enrichir le lexique relatif à l’espace de mots plus complexes ou désignant un espace plus éloigné,temps-o054,2026.1
cde-temps-o055,TEMPS-O055,Se repérer dans le temps et l’espace,Représenter l’espace,PS,Programmes-CYCLE-1-SE-REPERER-DANS-LE-TEMPS-ET-LESPACE-PS.docx,29,Reproduire un parcours simple,temps-o055,2026.1
cde-temps-o056,TEMPS-O056,Se repérer dans le temps et l’espace,Représenter l’espace,PS,Programmes-CYCLE-1-SE-REPERER-DANS-LE-TEMPS-ET-LESPACE-PS.docx,30,Restituer un déplacement à l’aide de représentations diverses,temps-o056,2026.1
cde-temps-o057,TEMPS-O057,Se repérer dans le temps et l’espace,Représenter l’espace,MS,Programmes-CYCLE-1-SE-REPERER-DANS-LE-TEMPS-ET-LESPACE-MS.docx,25,Représenter un espace inconnu,temps-o057,2026.1
cde-temps-o058,TEMPS-O058,Se repérer dans le temps et l’espace,Représenter l’espace,MS,Programmes-CYCLE-1-SE-REPERER-DANS-LE-TEMPS-ET-LESPACE-MS.docx,26,Restituer oralement un déplacement à partir d’une représentation,temps-o058,2026.1
cde-temps-o059,TEMPS-O059,Se repérer dans le temps et l’espace,Représenter l’espace,MS,Programmes-CYCLE-1-SE-REPERER-DANS-LE-TEMPS-ET-LESPACE-MS.docx,27,Représenter un déplacement,temps-o059,2026.1
cde-temps-o060,TEMPS-O060,Se repérer dans le temps et l’espace,Représenter l’espace,MS,Programmes-CYCLE-1-SE-REPERER-DANS-LE-TEMPS-ET-LESPACE-MS.docx,28,Composer et représenter divers éléments,temps-o060,2026.1
cde-temps-o061,TEMPS-O061,Se repérer dans le temps et l’espace,Représenter l’espace,GS,Programmes-CYCLE-1-SE-REPERER-DANS-LE-TEMPS-ET-LESPACE-GS.docx,31,Reproduire un parcours sur une représentation plane,temps-o061,2026.1
cde-temps-o062,TEMPS-O062,Se repérer dans le temps et l’espace,Représenter l’espace,GS,Programmes-CYCLE-1-SE-REPERER-DANS-LE-TEMPS-ET-LESPACE-GS.docx,32,Représenter l’environnement proche,temps-o062,2026.1
cde-temps-o063,TEMPS-O063,Se repérer dans le temps et l’espace,Représenter l’espace,GS,Programmes-CYCLE-1-SE-REPERER-DANS-LE-TEMPS-ET-LESPACE-GS.docx,33,Restituer oralement un déplacement mémorisé,temps-o063,2026.1
cde-temps-o064,TEMPS-O064,Se repérer dans le temps et l’espace,Représenter l’espace,GS,Programmes-CYCLE-1-SE-REPERER-DANS-LE-TEMPS-ET-LESPACE-GS.docx,34,Représenter un déplacement,temps-o064,2026.1
cde-temps-o065,TEMPS-O065,Se repérer dans le temps et l’espace,Représenter l’espace,GS,Programmes-CYCLE-1-SE-REPERER-DANS-LE-TEMPS-ET-LESPACE-GS.docx,35,Représenter la proximité ou l’éloignement d’un sujet,temps-o065,2026.1
cde-temps-o066,TEMPS-O066,Se repérer dans le temps et l’espace,Représenter l’espace,GS,Programmes-CYCLE-1-SE-REPERER-DANS-LE-TEMPS-ET-LESPACE-GS.docx,36,Représenter divers éléments sur un plan,temps-o066,2026.1
cde-temps-o067,TEMPS-O067,Se repérer dans le temps et l’espace,Découvrir l’environnement proche,PS,Programmes-CYCLE-1-SE-REPERER-DANS-LE-TEMPS-ET-LESPACE-PS.docx,32,Explorer les différents lieux de l’école et leur associer des éléments caractéristiques observés,temps-o067,2026.1
cde-temps-o068,TEMPS-O068,Se repérer dans le temps et l’espace,Découvrir l’environnement proche,MS,Programmes-CYCLE-1-SE-REPERER-DANS-LE-TEMPS-ET-LESPACE-MS.docx,30,Caractériser l’environnement extérieur proche de l’école,temps-o068,2026.1
cde-temps-o069,TEMPS-O069,Se repérer dans le temps et l’espace,Découvrir l’environnement proche,MS,Programmes-CYCLE-1-SE-REPERER-DANS-LE-TEMPS-ET-LESPACE-MS.docx,31,Découvrir des espaces moins familiers,temps-o069,2026.1
cde-temps-o070,TEMPS-O070,Se repérer dans le temps et l’espace,Découvrir l’environnement proche,GS,Programmes-CYCLE-1-SE-REPERER-DANS-LE-TEMPS-ET-LESPACE-GS.docx,38,Reconnaître les espaces proches de l’école et leurs usages,temps-o070,2026.1
cde-temps-o071,TEMPS-O071,Se repérer dans le temps et l’espace,Découvrir l’environnement proche,GS,Programmes-CYCLE-1-SE-REPERER-DANS-LE-TEMPS-ET-LESPACE-GS.docx,39,Reconnaître des espaces moins familiers,temps-o071,2026.1
cde-temps-o072,TEMPS-O072,Se repérer dans le temps et l’espace,Découvrir l’environnement proche,GS,Programmes-CYCLE-1-SE-REPERER-DANS-LE-TEMPS-ET-LESPACE-GS.docx,40,Observer l’habitat proche de l’école,temps-o072,2026.1
cde-vivant-o001,VIVANT-O001,"Découvrir le monde du vivant, de la matière et des objets",Découvrir les animaux et les végétaux,PS,Programmes-CYCLE-1-monde-du-vivant-des-objets-PS.docx,4,Repérer et nommer les caractéristiques morphologiques générales des plantes et des animaux observés avec la classe.,vivant-o001,2026.1
cde-vivant-o002,VIVANT-O002,"Découvrir le monde du vivant, de la matière et des objets",Découvrir les animaux et les végétaux,PS,Programmes-CYCLE-1-monde-du-vivant-des-objets-PS.docx,5,"Reconnaitre et nommer le mâle et la femelle, le jeune et l'adulte pour plusieurs espèces animales.",vivant-o002,2026.1
cde-vivant-o003,VIVANT-O003,"Découvrir le monde du vivant, de la matière et des objets",Découvrir les animaux et les végétaux,PS,Programmes-CYCLE-1-monde-du-vivant-des-objets-PS.docx,6,Prodiguer des soins nécessaires aux élevages et aux cultures.,vivant-o003,2026.1
cde-vivant-o004,VIVANT-O004,"Découvrir le monde du vivant, de la matière et des objets",Découvrir les animaux et les végétaux,MS,Programmes-CYCLE-1-monde-du-vivant-des-objets-MS.docx,4,Reconnaitre une ou plusieurs étapes d’un cycle de vie à partir de l’observation d’animaux et de plantes.,vivant-o004,2026.1
cde-vivant-o005,VIVANT-O005,"Découvrir le monde du vivant, de la matière et des objets",Découvrir les animaux et les végétaux,MS,Programmes-CYCLE-1-monde-du-vivant-des-objets-MS.docx,5,"Identifier et décrire les besoins essentiels de quelques animaux et de végétaux à partir d'observations d'élevage, de cultures de plantes, et des soins prodigués.",vivant-o005,2026.1
cde-vivant-o006,VIVANT-O006,"Découvrir le monde du vivant, de la matière et des objets",Découvrir les animaux et les végétaux,MS,Programmes-CYCLE-1-monde-du-vivant-des-objets-MS.docx,6,Observer et nommer le mode de déplacement de quelques animaux en relation avec leur milieu de vie.,vivant-o006,2026.1
cde-vivant-o007,VIVANT-O007,"Découvrir le monde du vivant, de la matière et des objets",Découvrir les animaux et les végétaux,MS,Programmes-CYCLE-1-monde-du-vivant-des-objets-MS.docx,7,Respecter la vie sous toutes ses formes.,vivant-o007,2026.1
cde-vivant-o008,VIVANT-O008,"Découvrir le monde du vivant, de la matière et des objets",Découvrir les animaux et les végétaux,GS,Programmes-CYCLE-1-monde-du-vivant-des-objets-GS.docx,4,Identifier des éléments morphologiques spécifiques à une espèce végétale ou animale.,vivant-o008,2026.1
cde-vivant-o009,VIVANT-O009,"Découvrir le monde du vivant, de la matière et des objets",Découvrir les animaux et les végétaux,GS,Programmes-CYCLE-1-monde-du-vivant-des-objets-GS.docx,5,Reconnaitre les étapes de la vie d'un animal ou d'une plante.,vivant-o009,2026.1
cde-vivant-o010,VIVANT-O010,"Découvrir le monde du vivant, de la matière et des objets",Découvrir les animaux et les végétaux,GS,Programmes-CYCLE-1-monde-du-vivant-des-objets-GS.docx,6,Décrire les besoins essentiels de quelques animaux ou de végétaux.,vivant-o010,2026.1
cde-vivant-o011,VIVANT-O011,"Découvrir le monde du vivant, de la matière et des objets",Découvrir les animaux et les végétaux,GS,Programmes-CYCLE-1-monde-du-vivant-des-objets-GS.docx,7,Contribuer à une action collective favorable à la préservation de la biodiversité dans un milieu proche de l’école.,vivant-o011,2026.1
cde-vivant-o012,VIVANT-O012,"Découvrir le monde du vivant, de la matière et des objets",Découvrir le corps humain et la santé,PS,Programmes-CYCLE-1-monde-du-vivant-des-objets-PS.docx,8,Nommer et représenter quelques parties du corps humain.,vivant-o012,2026.1
cde-vivant-o013,VIVANT-O013,"Découvrir le monde du vivant, de la matière et des objets",Découvrir le corps humain et la santé,PS,Programmes-CYCLE-1-monde-du-vivant-des-objets-PS.docx,9,Découvrir les sens utilisés lors d’expériences sensorielles variées.,vivant-o013,2026.1
cde-vivant-o014,VIVANT-O014,"Découvrir le monde du vivant, de la matière et des objets",Découvrir le corps humain et la santé,PS,Programmes-CYCLE-1-monde-du-vivant-des-objets-PS.docx,10,"Respecter quelques règles d’hygiène de vie, à l’invitation de l’adulte.",vivant-o014,2026.1
cde-vivant-o015,VIVANT-O015,"Découvrir le monde du vivant, de la matière et des objets",Découvrir le corps humain et la santé,MS,Programmes-CYCLE-1-monde-du-vivant-des-objets-MS.docx,9,Identifier et nommer les parties du corps humain.,vivant-o015,2026.1
cde-vivant-o016,VIVANT-O016,"Découvrir le monde du vivant, de la matière et des objets",Découvrir le corps humain et la santé,MS,Programmes-CYCLE-1-monde-du-vivant-des-objets-MS.docx,10,Identifier et nommer des organes sensoriels et les modalités de perception associées.,vivant-o016,2026.1
cde-vivant-o017,VIVANT-O017,"Découvrir le monde du vivant, de la matière et des objets",Découvrir le corps humain et la santé,MS,Programmes-CYCLE-1-monde-du-vivant-des-objets-MS.docx,11,Observer des changements liés à sa croissance.,vivant-o017,2026.1
cde-vivant-o018,VIVANT-O018,"Découvrir le monde du vivant, de la matière et des objets",Découvrir le corps humain et la santé,MS,Programmes-CYCLE-1-monde-du-vivant-des-objets-MS.docx,12,Connaitre quelques règles d’hygiène corporelle et de propreté.,vivant-o018,2026.1
cde-vivant-o019,VIVANT-O019,"Découvrir le monde du vivant, de la matière et des objets",Découvrir le corps humain et la santé,GS,Programmes-CYCLE-1-monde-du-vivant-des-objets-GS.docx,9,Identifier et nommer quelques articulations et la segmentation des membres.,vivant-o019,2026.1
cde-vivant-o020,VIVANT-O020,"Découvrir le monde du vivant, de la matière et des objets",Découvrir le corps humain et la santé,GS,Programmes-CYCLE-1-monde-du-vivant-des-objets-GS.docx,10,Se représenter avec un corps articulé en mouvement.,vivant-o020,2026.1
cde-vivant-o021,VIVANT-O021,"Découvrir le monde du vivant, de la matière et des objets",Découvrir le corps humain et la santé,GS,Programmes-CYCLE-1-monde-du-vivant-des-objets-GS.docx,11,Connaitre quelques étapes de la vie d’un enfant jusqu’à six ans.,vivant-o021,2026.1
cde-vivant-o022,VIVANT-O022,"Découvrir le monde du vivant, de la matière et des objets",Découvrir les objets et les matériaux,PS,Programmes-CYCLE-1-monde-du-vivant-des-objets-PS.docx,14,Reconnaitre et comparer des matériaux usuels à partir de perceptions sensorielles.,vivant-o022,2026.1
cde-vivant-o023,VIVANT-O023,"Découvrir le monde du vivant, de la matière et des objets",Découvrir les objets et les matériaux,PS,Programmes-CYCLE-1-monde-du-vivant-des-objets-PS.docx,15,Repérer des transformations de matériaux sous l’effet d’actions mécaniques avec les mains ou avec des outils.,vivant-o023,2026.1
cde-vivant-o024,VIVANT-O024,"Découvrir le monde du vivant, de la matière et des objets",Découvrir les objets et les matériaux,PS,Programmes-CYCLE-1-monde-du-vivant-des-objets-PS.docx,16,"Utiliser des objets, connaitre leur nom et leur fonction.",vivant-o024,2026.1
cde-vivant-o025,VIVANT-O025,"Découvrir le monde du vivant, de la matière et des objets",Découvrir les objets et les matériaux,PS,Programmes-CYCLE-1-monde-du-vivant-des-objets-PS.docx,17,"Réaliser une construction, fabriquer un objet librement ou par un guidage pas à pas.",vivant-o025,2026.1
cde-vivant-o026,VIVANT-O026,"Découvrir le monde du vivant, de la matière et des objets",Découvrir les objets et les matériaux,MS,Programmes-CYCLE-1-monde-du-vivant-des-objets-MS.docx,16,Différencier des matériaux en fonction de leurs propriétés et différencier un objet du matériau qui le constitue.,vivant-o026,2026.1
cde-vivant-o027,VIVANT-O027,"Découvrir le monde du vivant, de la matière et des objets",Découvrir les objets et les matériaux,MS,Programmes-CYCLE-1-monde-du-vivant-des-objets-MS.docx,17,Désigner et utiliser des outils ou des objets adaptés à une situation et à une action technique.,vivant-o027,2026.1
cde-vivant-o028,VIVANT-O028,"Découvrir le monde du vivant, de la matière et des objets",Découvrir les objets et les matériaux,MS,Programmes-CYCLE-1-monde-du-vivant-des-objets-MS.docx,18,"Réaliser une construction, fabriquer un objet à partir d’un modèle.",vivant-o028,2026.1
cde-vivant-o029,VIVANT-O029,"Découvrir le monde du vivant, de la matière et des objets",Découvrir les objets et les matériaux,MS,Programmes-CYCLE-1-monde-du-vivant-des-objets-MS.docx,19,Reproduire quelques gestes respectueux de l’environnement montrés par l’adulte.,vivant-o029,2026.1
cde-vivant-o030,VIVANT-O030,"Découvrir le monde du vivant, de la matière et des objets",Découvrir les objets et les matériaux,GS,Programmes-CYCLE-1-monde-du-vivant-des-objets-GS.docx,15,Associer une solution technique à une fonction technique.,vivant-o030,2026.1
cde-vivant-o031,VIVANT-O031,"Découvrir le monde du vivant, de la matière et des objets",Découvrir les objets et les matériaux,GS,Programmes-CYCLE-1-monde-du-vivant-des-objets-GS.docx,16,"Fabriquer un objet en réponse à un besoin en exploitant des propriétés de matériaux ou des phénomènes physiques (équilibre, magnétisme, perméabilité, opacité ou transparence).",vivant-o031,2026.1
cde-vivant-o032,VIVANT-O032,"Découvrir le monde du vivant, de la matière et des objets",Découvrir les objets et les matériaux,GS,Programmes-CYCLE-1-monde-du-vivant-des-objets-GS.docx,17,"Explorer la notion de flottabilité avec des objets pleins constitués d’une seule et même matière : observer que, plongés dans l’eau, ils flottent tous ou coulent tous.",vivant-o032,2026.1
cde-vivant-o033,VIVANT-O033,"Découvrir le monde du vivant, de la matière et des objets",Découvrir les objets et les matériaux,GS,Programmes-CYCLE-1-monde-du-vivant-des-objets-GS.docx,18,"Construire, fabriquer, réaliser en suivant une recette ou une fiche technique.",vivant-o033,2026.1
cde-vivant-o034,VIVANT-O034,"Découvrir le monde du vivant, de la matière et des objets",Découvrir les objets et les matériaux,GS,Programmes-CYCLE-1-monde-du-vivant-des-objets-GS.docx,19,Élaborer une suite d’instructions pour réaliser une tâche simple.,vivant-o034,2026.1
cde-vivant-o035,VIVANT-O035,"Découvrir le monde du vivant, de la matière et des objets",Découvrir les objets et les matériaux,GS,Programmes-CYCLE-1-monde-du-vivant-des-objets-GS.docx,20,Identifier et prévenir les risques liés à certains objets.,vivant-o035,2026.1
cde-vivant-o036,VIVANT-O036,"Découvrir le monde du vivant, de la matière et des objets",Découvrir les états de la matière et les mélanges,PS,Programmes-CYCLE-1-monde-du-vivant-des-objets-PS.docx,19,Explorer quelques caractéristiques des solides et des liquides.,vivant-o036,2026.1
cde-vivant-o037,VIVANT-O037,"Découvrir le monde du vivant, de la matière et des objets",Découvrir les états de la matière et les mélanges,PS,Programmes-CYCLE-1-monde-du-vivant-des-objets-PS.docx,20,Constater les effets d’un déplacement d’air sur des objets ou sur soi-même.,vivant-o037,2026.1
cde-vivant-o038,VIVANT-O038,"Découvrir le monde du vivant, de la matière et des objets",Découvrir les états de la matière et les mélanges,PS,Programmes-CYCLE-1-monde-du-vivant-des-objets-PS.docx,21,Réaliser et observer des mélanges.,vivant-o038,2026.1
cde-vivant-o039,VIVANT-O039,"Découvrir le monde du vivant, de la matière et des objets",Découvrir les états de la matière et les mélanges,PS,Programmes-CYCLE-1-monde-du-vivant-des-objets-PS.docx,22,Découvrir et observer la fusion et la solidification de l’eau.,vivant-o039,2026.1
cde-vivant-o040,VIVANT-O040,"Découvrir le monde du vivant, de la matière et des objets",Découvrir les états de la matière et les mélanges,MS,Programmes-CYCLE-1-monde-du-vivant-des-objets-MS.docx,21,Identifier une condition favorable à la fusion de la glace.,vivant-o040,2026.1
cde-vivant-o041,VIVANT-O041,"Découvrir le monde du vivant, de la matière et des objets",Découvrir les états de la matière et les mélanges,MS,Programmes-CYCLE-1-monde-du-vivant-des-objets-MS.docx,22,Mettre en évidence la présence d’air en le mettant en mouvement.,vivant-o041,2026.1
cde-vivant-o042,VIVANT-O042,"Découvrir le monde du vivant, de la matière et des objets",Découvrir les états de la matière et les mélanges,MS,Programmes-CYCLE-1-monde-du-vivant-des-objets-MS.docx,23,Distinguer les solides qui se dissolvent dans l’eau de ceux qui ne se dissolvent pas.,vivant-o042,2026.1
cde-vivant-o043,VIVANT-O043,"Découvrir le monde du vivant, de la matière et des objets",Découvrir les états de la matière et les mélanges,GS,Programmes-CYCLE-1-monde-du-vivant-des-objets-GS.docx,22,Identifier et nommer l’état de l’eau dans différentes situations.,vivant-o043,2026.1
cde-vivant-o044,VIVANT-O044,"Découvrir le monde du vivant, de la matière et des objets",Découvrir les états de la matière et les mélanges,GS,Programmes-CYCLE-1-monde-du-vivant-des-objets-GS.docx,23,Identifier la présence de l’air quand il est perceptible par les sens.,vivant-o044,2026.1
cde-vivant-o045,VIVANT-O045,"Découvrir le monde du vivant, de la matière et des objets",Découvrir les états de la matière et les mélanges,GS,Programmes-CYCLE-1-monde-du-vivant-des-objets-GS.docx,24,"Distinguer, parmi quelques solides, ceux qui peuvent se dissoudre dans l’eau.",vivant-o045,2026.1
cde-vivant-o046,VIVANT-O046,"Découvrir le monde du vivant, de la matière et des objets",Découvrir les états de la matière et les mélanges,GS,Programmes-CYCLE-1-monde-du-vivant-des-objets-GS.docx,25,Commencer à agir de manière autonome pour le respect de l’environnement.,vivant-o046,2026.1
cde-vivant-o047,VIVANT-O047,"Découvrir le monde du vivant, de la matière et des objets",Découvrir les états de la matière et les mélanges,GS,Programmes-CYCLE-1-monde-du-vivant-des-objets-GS.docx,26,Prendre en compte les risques de l’environnement familier.,vivant-o047,2026.1
